time,temperature_2m,relative_humidity_2m,apparent_temperature,precipitation,wind_speed_10m,wind_direction_10m,pm10,pm2_5,carbon_monoxide,carbon_dioxide,nitrogen_dioxide,sulphur_dioxide,ozone,european_aqi,date,hour,day,day_name,month
2026-08-19 00:00:00,21.3,100,25.4,1.4,2.6,304,39.5,38.5,1522.0,487,39.3,8.3,36.0,53,2026-08-19,0,19,Wednesday,8
2026-08-19 01:00:00,20.9,99,24.7,0.6,3.2,251,40.2,39.2,1386.0,497,39.0,8.4,33.0,54,2026-08-19,1,19,Wednesday,8
2026-08-19 02:00:00,20.5,100,24.0,0.1,3.7,209,41.0,39.9,1241.0,502,36.7,8.5,34.0,54,2026-08-19,2,19,Wednesday,8
2026-08-19 03:00:00,20.3,100,23.9,0.0,3.1,190,36.2,35.2,1099.0,501,31.1,8.7,42.0,52,2026-08-19,3,19,Wednesday,8
2026-08-19 04:00:00,20.1,100,23.6,0.0,2.9,180,28.1,27.6,948.0,496,23.4,8.9,54.0,47,2026-08-19,4,19,Wednesday,8
2026-08-19 05:00:00,21.4,100,25.9,0.0,1.3,106,16.9,16.8,817.0,488,11.0,6.4,76.0,41,2026-08-19,5,19,Wednesday,8
2026-08-19 06:00:00,21.9,97,26.4,0.0,0.8,45,18.8,18.7,722.0,474,9.5,6.0,85.0,42,2026-08-19,6,19,Wednesday,8
2026-08-19 07:00:00,22.7,91,26.9,0.0,1.8,360,13.1,13.0,647.0,455,7.3,5.3,98.0,39,2026-08-19,7,19,Wednesday,8
2026-08-19 08:00:00,23.6,88,28.1,0.0,1.6,333,11.3,11.2,576.0,442,5.5,4.7,108.0,48,2026-08-19,8,19,Wednesday,8
2026-08-19 09:00:00,25.3,80,29.5,0.0,4.1,337,11.2,11.1,493.0,437,4.2,4.1,114.0,54,2026-08-19,9,19,Wednesday,8
2026-08-19 10:00:00,24.9,82,29.4,3.3,5.8,334,10.5,10.4,414.0,437,3.2,3.5,118.0,58,2026-08-19,10,19,Wednesday,8
2026-08-19 11:00:00,26.7,69,30.7,7.2,8.1,339,10.6,10.4,366.0,437,2.6,3.1,120.0,60,2026-08-19,11,19,Wednesday,8
2026-08-19 12:00:00,25.4,79,30.4,1.7,5.5,259,11.1,10.8,356.0,436,2.3,3.0,121.0,61,2026-08-19,12,19,Wednesday,8
2026-08-19 13:00:00,25.3,76,29.5,1.4,6.1,275,10.8,10.4,377.0,435,2.5,3.2,120.0,60,2026-08-19,13,19,Wednesday,8
2026-08-19 14:00:00,24.1,79,27.6,2.6,3.7,247,11.7,11.3,437.0,435,3.5,3.4,117.0,57,2026-08-19,14,19,Wednesday,8
2026-08-19 15:00:00,23.8,87,28.4,2.6,0.3,225,13.7,13.4,529.0,434,5.4,3.6,111.0,51,2026-08-19,15,19,Wednesday,8
2026-08-19 16:00:00,23.1,92,27.6,2.2,2.9,158,11.9,11.5,659.0,434,8.1,3.9,103.0,43,2026-08-19,16,19,Wednesday,8
2026-08-19 17:00:00,23.4,89,27.6,1.4,3.1,249,15.4,14.7,858.0,436,6.5,4.1,108.0,48,2026-08-19,17,19,Wednesday,8
2026-08-19 18:00:00,22.4,99,27.1,0.4,2.6,196,23.3,22.8,1209.0,443,13.8,5.1,95.0,44,2026-08-19,18,19,Wednesday,8
2026-08-19 19:00:00,22.3,100,26.9,0.2,3.4,180,31.4,30.7,1628.0,452,23.8,6.5,76.0,49,2026-08-19,19,19,Wednesday,8
2026-08-19 20:00:00,22.1,100,26.7,0.1,2.4,171,36.1,35.4,1892.0,460,31.5,7.7,62.0,52,2026-08-19,20,19,Wednesday,8
2026-08-19 21:00:00,21.9,100,26.5,0.0,1.4,180,38.8,38.1,1873.0,463,35.0,8.5,55.0,53,2026-08-19,21,19,Wednesday,8
2026-08-19 22:00:00,21.4,100,25.7,0.4,2.1,142,43.2,42.4,1699.0,464,36.1,9.2,51.0,56,2026-08-19,22,19,Wednesday,8
2026-08-19 23:00:00,22.1,95,26.4,0.2,1.7,131,44.8,43.9,1526.0,466,35.2,9.5,51.0,57,2026-08-19,23,19,Wednesday,8
2026-08-20 00:00:00,21.4,94,25.3,0.1,1.7,131,43.2,42.1,1405.0,471,31.4,9.3,55.0,55,2026-08-20,0,20,Thursday,8
2026-08-20 01:00:00,20.8,98,24.5,0.2,3.3,167,39.3,38.3,1285.0,477,25.7,8.8,63.0,53,2026-08-20,1,20,Thursday,8
2026-08-20 02:00:00,20.8,99,24.4,0.0,4.1,139,36.3,35.2,1169.0,481,21.4,8.4,68.0,52,2026-08-20,2,20,Thursday,8
2026-08-20 03:00:00,20.7,99,24.3,0.0,4.2,133,37.0,35.9,1059.0,484,20.7,8.6,67.0,52,2026-08-20,3,20,Thursday,8
2026-08-20 04:00:00,20.5,100,24.1,0.0,3.9,137,38.2,37.0,952.0,486,21.5,9.0,64.0,53,2026-08-20,4,20,Thursday,8
2026-08-20 05:00:00,21.5,98,25.5,0.0,3.2,133,32.6,31.4,845.0,483,18.4,8.3,65.0,49,2026-08-20,5,20,Thursday,8
2026-08-20 06:00:00,21.9,96,25.8,0.0,4.6,138,31.9,30.7,730.0,470,14.2,6.9,79.0,49,2026-08-20,6,20,Thursday,8
2026-08-20 07:00:00,23.1,89,27.2,0.0,3.2,124,22.6,21.2,613.0,452,8.5,4.9,98.0,44,2026-08-20,7,20,Thursday,8
2026-08-20 08:00:00,24.5,80,28.5,0.0,2.7,94,19.9,18.5,516.0,438,4.1,3.4,112.0,52,2026-08-20,8,20,Thursday,8
2026-08-20 09:00:00,25.9,73,30.4,0.2,1.9,61,18.0,16.6,442.0,434,2.4,2.8,117.0,57,2026-08-20,9,20,Thursday,8
2026-08-20 10:00:00,27.3,67,32.8,0.6,1.5,69,16.2,15.0,387.0,435,2.0,2.6,118.0,58,2026-08-20,10,20,Thursday,8
2026-08-20 11:00:00,27.1,68,31.9,0.6,3.8,289,14.7,13.4,354.0,436,1.9,2.6,119.0,59,2026-08-20,11,20,Thursday,8
2026-08-20 12:00:00,27.3,69,33.4,1.0,3.1,263,15.0,13.8,337.0,436,1.5,2.6,121.0,61,2026-08-20,12,20,Thursday,8
2026-08-20 13:00:00,27.8,67,33.8,0.6,1.9,248,16.5,15.4,341.0,436,1.5,2.8,123.0,62,2026-08-20,13,20,Thursday,8
2026-08-20 14:00:00,24.5,85,28.7,3.2,6.1,284,15.9,14.9,390.0,436,2.3,3.0,123.0,62,2026-08-20,14,20,Thursday,8
2026-08-20 15:00:00,24.5,83,28.7,1.9,3.5,298,15.4,14.4,503.0,436,4.1,3.1,119.0,59,2026-08-20,15,20,Thursday,8
2026-08-20 16:00:00,23.9,84,27.7,1.6,4.3,242,15.9,15.0,660.0,437,6.9,3.3,113.0,53,2026-08-20,16,20,Thursday,8
2026-08-20 17:00:00,23.1,90,27.5,0.4,1.9,319,22.4,21.5,821.0,439,10.1,4.0,104.0,44,2026-08-20,17,20,Thursday,8
2026-08-20 18:00:00,22.6,94,27.3,0.2,0.8,153,27.8,27.0,1008.0,445,14.5,4.8,94.0,47,2026-08-20,18,20,Thursday,8
2026-08-20 19:00:00,22.1,98,26.5,0.2,2.9,158,32.2,31.3,1199.0,453,20.6,5.9,81.0,49,2026-08-20,19,20,Thursday,8
2026-08-20 20:00:00,21.9,100,26.3,2.0,3.8,139,36.9,36.1,1292.0,459,25.4,6.9,71.0,52,2026-08-20,20,20,Thursday,8
2026-08-20 21:00:00,21.3,100,25.5,4.7,2.9,133,39.2,38.4,1206.0,459,27.7,7.7,66.0,53,2026-08-20,21,20,Thursday,8
2026-08-20 22:00:00,21.3,99,25.2,5.9,4.1,124,40.5,39.7,1022.0,457,28.8,8.4,65.0,54,2026-08-20,22,20,Thursday,8
2026-08-20 23:00:00,21.9,96,25.9,3.7,3.4,84,41.8,41.0,885.0,457,29.1,9.0,64.0,55,2026-08-20,23,20,Thursday,8
2026-08-21 00:00:00,21.5,98,25.5,2.3,3.8,115,43.3,42.5,863.0,462,28.7,9.3,63.0,56,2026-08-21,0,21,Friday,8
2026-08-21 01:00:00,21.3,98,25.2,4.2,3.5,105,44.6,43.9,889.0,468,27.5,9.5,64.0,57,2026-08-21,1,21,Friday,8
2026-08-21 02:00:00,21.3,99,25.4,1.8,3.1,93,42.8,42.1,904.0,475,26.0,9.8,65.0,55,2026-08-21,2,21,Friday,8
2026-08-21 03:00:00,21.2,100,25.3,0.3,3.0,123,40.2,39.3,892.0,483,24.6,10.4,66.0,54,2026-08-21,3,21,Friday,8
2026-08-21 04:00:00,21.2,100,25.4,0.0,2.2,114,39.7,38.9,869.0,491,22.8,11.0,67.0,54,2026-08-21,4,21,Friday,8
2026-08-21 05:00:00,21.7,100,25.9,0.0,3.6,99,33.3,32.4,829.0,491,14.8,8.5,82.0,50,2026-08-21,5,21,Friday,8
2026-08-21 06:00:00,22.0,98,26.2,0.0,4.1,113,35.3,34.2,761.0,478,11.9,8.4,98.0,51,2026-08-21,6,21,Friday,8
2026-08-21 07:00:00,22.9,92,27.1,0.0,3.7,137,28.5,27.1,677.0,457,7.9,8.3,119.0,59,2026-08-21,7,21,Friday,8
2026-08-21 08:00:00,24.3,83,28.7,0.0,1.7,49,25.4,23.7,603.0,442,4.7,7.9,136.0,68,2026-08-21,8,21,Friday,8
2026-08-21 09:00:00,25.2,81,29.7,0.1,2.5,21,25.3,23.4,549.0,438,3.0,6.9,142.0,71,2026-08-21,9,21,Friday,8
2026-08-21 10:00:00,26.5,78,32.3,0.1,3.4,354,25.1,23.1,506.0,439,2.1,5.7,143.0,72,2026-08-21,10,21,Friday,8
2026-08-21 11:00:00,27.0,74,32.8,0.1,5.3,332,23.3,21.4,474.0,440,1.6,4.8,143.0,72,2026-08-21,11,21,Friday,8
2026-08-21 12:00:00,27.7,72,34.1,0.9,3.2,254,22.4,20.7,443.0,439,1.2,4.5,143.0,72,2026-08-21,12,21,Friday,8
2026-08-21 13:00:00,27.2,75,33.1,1.4,4.8,222,23.0,21.4,424.0,438,1.2,4.5,142.0,71,2026-08-21,13,21,Friday,8
2026-08-21 14:00:00,23.5,89,27.7,7.4,4.7,261,22.2,20.8,447.0,437,1.8,4.5,139.0,70,2026-08-21,14,21,Friday,8
2026-08-21 15:00:00,24.0,89,28.9,1.6,1.2,27,23.7,22.3,524.0,436,3.0,4.4,134.0,67,2026-08-21,15,21,Friday,8
2026-08-21 16:00:00,23.6,88,27.6,0.5,4.3,265,24.9,23.6,643.0,435,4.9,4.5,128.0,64,2026-08-21,16,21,Friday,8
2026-08-21 17:00:00,23.0,87,26.8,1.3,3.5,339,23.3,22.5,800.0,437,10.6,5.4,124.0,62,2026-08-21,17,21,Friday,8
2026-08-21 18:00:00,22.2,98,26.9,0.4,1.5,256,26.0,25.4,1039.0,443,15.2,5.9,110.0,50,2026-08-21,18,21,Friday,8
2026-08-21 19:00:00,22.1,98,26.7,0.1,1.3,225,27.1,26.6,1316.0,451,21.5,6.7,91.0,47,2026-08-21,19,21,Friday,8
2026-08-21 20:00:00,22.0,98,26.5,0.2,2.3,148,32.9,32.5,1490.0,458,25.9,7.3,78.0,50,2026-08-21,20,21,Friday,8
2026-08-21 21:00:00,21.7,100,26.4,0.3,0.9,90,37.3,36.7,1497.0,462,26.7,7.8,75.0,52,2026-08-21,21,21,Friday,8
2026-08-21 22:00:00,21.6,100,25.8,0.2,3.5,69,41.0,40.4,1402.0,464,25.5,8.2,78.0,55,2026-08-21,22,21,Friday,8
2026-08-21 23:00:00,22.3,86,25.8,0.2,2.2,66,36.0,35.4,1252.0,464,23.5,8.3,81.0,52,2026-08-21,23,21,Friday,8
2026-08-22 00:00:00,21.5,94,25.2,2.4,3.7,101,28.5,27.9,1020.0,462,20.4,7.7,83.0,47,2026-08-22,0,22,Saturday,8
2026-08-22 01:00:00,21.2,97,24.8,4.0,4.5,92,26.3,25.7,734.0,458,16.5,6.8,84.0,46,2026-08-22,1,22,Saturday,8
2026-08-22 02:00:00,21.2,98,25.1,2.0,3.1,111,25.0,24.4,529.0,456,13.8,6.2,85.0,45,2026-08-22,2,22,Saturday,8
2026-08-22 03:00:00,21.3,95,25.1,0.5,2.1,105,25.4,24.9,472.0,457,13.7,6.4,82.0,46,2026-08-22,3,22,Saturday,8
2026-08-22 04:00:00,21.0,98,24.9,0.2,3.0,104,27.0,26.5,496.0,459,14.7,7.0,78.0,47,2026-08-22,4,22,Saturday,8
2026-08-22 05:00:00,21.2,99,24.7,0.1,6.2,123,34.9,34.3,539.0,459,16.9,8.7,71.0,51,2026-08-22,5,22,Saturday,8
2026-08-22 06:00:00,21.6,98,25.4,0.1,5.8,126,36.2,35.6,601.0,454,14.5,9.2,86.0,52,2026-08-22,6,22,Saturday,8
2026-08-22 07:00:00,22.1,96,26.1,0.3,4.1,119,32.5,31.8,682.0,447,11.2,9.7,106.0,50,2026-08-22,7,22,Saturday,8
2026-08-22 08:00:00,23.0,94,27.4,0.3,3.1,93,22.9,22.2,716.0,442,8.2,9.5,121.0,61,2026-08-22,8,22,Saturday,8
2026-08-22 09:00:00,24.7,84,29.2,0.2,2.8,101,19.7,19.0,656.0,440,5.8,7.7,125.0,63,2026-08-22,9,22,Saturday,8
2026-08-22 10:00:00,25.7,78,30.5,0.1,1.5,76,18.2,17.3,550.0,439,3.7,5.1,123.0,62,2026-08-22,10,22,Saturday,8
2026-08-22 11:00:00,22.8,95,27.4,0.2,3.1,350,18.5,17.5,473.0,438,2.4,3.2,122.0,61,2026-08-22,11,22,Saturday,8
2026-08-22 12:00:00,24.0,84,27.9,0.2,4.0,355,18.6,17.6,443.0,437,2.0,2.6,123.0,62,2026-08-22,12,22,Saturday,8
2026-08-22 13:00:00,25.5,74,28.9,0.3,5.5,17,17.8,16.9,442.0,436,2.4,2.7,125.0,63,2026-08-22,13,22,Saturday,8
2026-08-22 14:00:00,26.2,71,30.4,0.8,3.1,50,17.1,16.2,493.0,435,3.1,2.9,125.0,63,2026-08-22,14,22,Saturday,8
2026-08-22 15:00:00,25.0,79,29.1,0.9,2.4,297,16.4,15.7,620.0,434,3.9,3.0,123.0,62,2026-08-22,15,22,Saturday,8
2026-08-22 16:00:00,23.1,91,27.2,1.5,4.3,228,15.9,15.3,798.0,433,5.1,3.1,120.0,60,2026-08-22,16,22,Saturday,8
2026-08-22 17:00:00,24.2,84,28.3,1.2,3.3,241,18.1,17.6,978.0,435,10.3,3.1,107.0,47,2026-08-22,17,22,Saturday,8
2026-08-22 18:00:00,21.7,97,26.0,2.7,1.3,146,15.7,15.4,1153.0,440,17.4,4.1,93.0,40,2026-08-22,18,22,Saturday,8
2026-08-22 19:00:00,21.5,98,25.7,1.3,2.3,176,24.4,24.2,1331.0,448,27.2,5.4,73.0,45,2026-08-22,19,22,Saturday,8
2026-08-22 20:00:00,21.1,98,25.1,0.5,2.9,210,32.2,31.9,1482.0,456,33.6,6.4,59.0,50,2026-08-22,20,22,Saturday,8
2026-08-22 21:00:00,20.9,100,24.8,0.9,2.9,120,36.3,36.0,1623.0,465,33.7,6.6,57.0,52,2026-08-22,21,22,Saturday,8
2026-08-22 22:00:00,20.9,99,24.7,0.6,2.6,129,37.7,37.4,1738.0,474,30.5,6.4,62.0,53,2026-08-22,22,22,Saturday,8
2026-08-22 23:00:00,21.9,100,26.4,0.2,2.7,113,33.6,33.3,1749.0,480,27.3,6.2,66.0,50,2026-08-22,23,22,Saturday,8
2026-08-23 00:00:00,21.3,100,25.6,0.0,1.2,129,29.9,29.6,1581.0,481,25.0,6.1,67.0,48,2026-08-23,0,23,Sunday,8
2026-08-23 01:00:00,20.8,100,24.5,0.8,4.2,102,28.6,28.3,1309.0,480,22.7,6.0,68.0,48,2026-08-23,1,23,Sunday,8
2026-08-23 02:00:00,20.8,99,24.6,0.1,3.7,129,27.9,27.6,1076.0,480,20.4,6.0,69.0,47,2026-08-23,2,23,Sunday,8
2026-08-23 03:00:00,20.7,99,24.2,0.0,4.3,92,29.5,29.3,941.0,487,18.2,6.3,71.0,48,2026-08-23,3,23,Sunday,8
2026-08-23 04:00:00,20.5,99,24.0,0.0,3.8,121,31.2,30.9,844.0,495,16.1,6.6,74.0,49,2026-08-23,4,23,Sunday,8
2026-08-23 05:00:00,20.4,100,23.8,0.0,4.3,158,26.4,26.0,755.0,495,11.3,6.5,95.0,46,2026-08-23,5,23,Sunday,8
2026-08-23 06:00:00,21.0,99,24.8,0.0,3.5,125,28.9,28.6,662.0,480,9.5,6.7,107.0,48,2026-08-23,6,23,Sunday,8
2026-08-23 07:00:00,22.6,94,27.0,0.0,2.5,111,24.3,24.0,575.0,456,7.0,6.9,123.0,62,2026-08-23,7,23,Sunday,8
2026-08-23 08:00:00,24.6,83,29.1,0.0,1.4,90,18.6,18.4,497.0,439,4.8,6.7,134.0,67,2026-08-23,8,23,Sunday,8
2026-08-23 09:00:00,26.4,72,31.4,0.0,0.7,76,15.4,15.1,422.0,434,3.2,5.5,138.0,69,2026-08-23,9,23,Sunday,8
2026-08-23 10:00:00,27.7,66,33.3,0.2,0.0,270,14.3,14.1,356.0,436,2.0,3.9,137.0,69,2026-08-23,10,23,Sunday,8
2026-08-23 11:00:00,28.4,66,34.4,0.1,4.2,290,13.4,13.0,315.0,437,1.3,2.7,133.0,67,2026-08-23,11,23,Sunday,8
2026-08-23 12:00:00,23.6,88,27.6,7.2,7.8,275,13.5,13.2,306.0,436,1.4,2.2,125.0,63,2026-08-23,12,23,Sunday,8
2026-08-23 13:00:00,24.0,89,28.9,1.9,0.9,11,14.3,13.9,324.0,435,2.2,2.2,115.0,55,2026-08-23,13,23,Sunday,8
2026-08-23 14:00:00,25.9,81,31.0,0.5,1.9,292,16.2,15.8,367.0,435,3.2,2.3,107.0,47,2026-08-23,14,23,Sunday,8
2026-08-23 15:00:00,23.6,86,27.6,0.5,3.2,297,16.8,16.4,419.0,434,4.1,2.4,104.0,44,2026-08-23,15,23,Sunday,8
2026-08-23 16:00:00,24.2,83,28.1,1.8,3.9,298,17.8,17.5,496.0,433,5.2,2.8,104.0,44,2026-08-23,16,23,Sunday,8
2026-08-23 17:00:00,22.9,92,27.0,2.9,3.5,348,14.6,14.4,649.0,436,6.7,2.6,100.0,40,2026-08-23,17,23,Sunday,8
2026-08-23 18:00:00,22.3,96,27.1,0.3,0.2,180,20.1,20.0,955.0,445,12.3,3.7,89.0,43,2026-08-23,18,23,Sunday,8
2026-08-23 19:00:00,22.1,100,26.9,0.0,1.3,196,26.3,26.1,1338.0,458,19.9,5.2,74.0,46,2026-08-23,19,23,Sunday,8
2026-08-23 20:00:00,22.0,99,26.5,0.0,2.4,189,32.7,32.0,1614.0,468,24.5,6.1,65.0,50,2026-08-23,20,23,Sunday,8
2026-08-23 21:00:00,21.7,100,26.2,0.0,1.8,114,36.1,35.3,1717.0,473,23.2,6.0,67.0,52,2026-08-23,21,23,Sunday,8
2026-08-23 22:00:00,21.4,100,25.3,0.1,4.2,144,34.5,33.6,1713.0,476,19.0,5.3,74.0,51,2026-08-23,22,23,Sunday,8
2026-08-23 23:00:00,22.2,100,26.7,0.0,4.0,144,25.3,25.1,1624.0,479,15.5,4.8,80.0,46,2026-08-23,23,23,Sunday,8
2026-08-24 00:00:00,21.7,100,26.1,0.0,2.5,150,17.5,17.3,1409.0,482,14.2,4.6,82.0,41,2026-08-24,0,24,Monday,8
2026-08-24 01:00:00,21.2,100,25.5,0.0,1.3,146,20.2,20.1,1109.0,484,13.7,4.5,83.0,43,2026-08-24,1,24,Monday,8
2026-08-24 02:00:00,20.8,99,24.9,0.0,1.3,164,22.1,21.9,862.0,487,13.6,4.5,83.0,44,2026-08-24,2,24,Monday,8
2026-08-24 03:00:00,20.4,100,24.4,0.0,0.6,146,21.1,21.0,725.0,492,14.3,4.9,80.0,43,2026-08-24,3,24,Monday,8
2026-08-24 04:00:00,20.1,100,24.0,0.0,0.4,153,21.9,21.8,643.0,498,15.3,5.4,75.0,44,2026-08-24,4,24,Monday,8
2026-08-24 05:00:00,21.1,99,25.3,0.0,1.9,139,25.0,24.9,583.0,496,16.0,4.6,69.0,46,2026-08-24,5,24,Monday,8
2026-08-24 06:00:00,21.6,99,26.1,0.0,1.1,108,29.6,29.5,546.0,480,13.1,5.0,87.0,48,2026-08-24,6,24,Monday,8
2026-08-24 07:00:00,22.9,92,27.3,0.0,2.0,355,21.2,21.2,532.0,457,8.9,5.4,111.0,51,2026-08-24,7,24,Monday,8
2026-08-24 08:00:00,24.4,83,28.7,0.0,2.3,331,15.1,15.0,513.0,440,5.6,5.4,128.0,64,2026-08-24,8,24,Monday,8
2026-08-24 09:00:00,25.8,76,30.0,0.1,2.2,360,13.3,13.2,473.0,435,3.7,4.4,132.0,66,2026-08-24,9,24,Monday,8
2026-08-24 10:00:00,27.0,71,32.6,0.3,1.3,304,13.6,13.5,429.0,436,2.6,2.9,128.0,64,2026-08-24,10,24,Monday,8
2026-08-24 11:00:00,27.0,71,32.4,0.1,5.9,329,13.1,13.0,399.0,437,2.0,1.8,126.0,63,2026-08-24,11,24,Monday,8
2026-08-24 12:00:00,25.2,76,30.7,1.9,3.6,276,13.5,13.4,388.0,436,1.7,1.7,128.0,64,2026-08-24,12,24,Monday,8
2026-08-24 13:00:00,25.5,76,29.9,1.6,5.7,259,13.5,13.4,393.0,435,2.0,2.0,130.0,65,2026-08-24,13,24,Monday,8
2026-08-24 14:00:00,26.2,73,30.6,0.1,3.5,285,12.7,12.6,419.0,434,2.7,2.3,130.0,65,2026-08-24,14,24,Monday,8
2026-08-24 15:00:00,26.3,70,29.6,0.4,5.8,306,11.3,11.2,462.0,433,4.0,2.4,125.0,63,2026-08-24,15,24,Monday,8
2026-08-24 16:00:00,25.4,76,28.7,0.2,7.0,314,10.8,10.7,526.0,432,5.9,2.4,118.0,58,2026-08-24,16,24,Monday,8
2026-08-24 17:00:00,24.0,87,28.1,0.5,4.4,243,11.0,10.8,636.0,433,5.7,2.4,117.0,57,2026-08-24,17,24,Monday,8
2026-08-24 18:00:00,22.5,96,26.7,1.8,4.9,144,17.5,17.3,819.0,439,11.9,3.2,105.0,45,2026-08-24,18,24,Monday,8
2026-08-24 19:00:00,22.1,90,25.7,5.3,3.6,87,25.3,25.1,1047.0,447,20.5,4.2,88.0,46,2026-08-24,19,24,Monday,8
2026-08-24 20:00:00,21.6,99,25.9,2.1,2.5,339,27.6,27.0,1263.0,455,27.0,5.1,75.0,47,2026-08-24,20,24,Monday,8
2026-08-24 21:00:00,21.2,99,25.5,0.2,0.9,11,27.1,26.5,1489.0,464,29.6,5.6,68.0,47,2026-08-24,21,24,Monday,8
2026-08-24 22:00:00,21.1,99,25.2,0.0,2.0,225,31.3,30.6,1702.0,473,30.2,6.0,64.0,49,2026-08-24,22,24,Monday,8
2026-08-24 23:00:00,21.9,98,26.2,0.0,2.7,274,34.1,33.3,1783.0,478,30.1,6.3,61.0,50,2026-08-24,23,24,Monday,8
2026-08-25 00:00:00,21.4,99,25.9,0.0,0.6,146,33.2,32.2,1631.0,476,29.8,6.6,58.0,50,2026-08-25,0,25,Tuesday,8
2026-08-25 01:00:00,21.2,100,25.6,0.0,0.6,124,34.6,33.5,1347.0,471,28.9,6.8,56.0,51,2026-08-25,1,25,Tuesday,8
2026-08-25 02:00:00,20.9,100,25.0,0.0,1.6,90,35.6,34.6,1108.0,469,27.0,7.1,57.0,51,2026-08-25,2,25,Tuesday,8
2026-08-25 03:00:00,20.6,100,24.4,0.0,2.7,138,31.5,30.4,990.0,474,23.8,7.6,62.0,49,2026-08-25,3,25,Tuesday,8
2026-08-25 04:00:00,20.5,99,24.2,0.0,2.7,127,25.3,24.5,917.0,482,19.8,8.1,70.0,45,2026-08-25,4,25,Tuesday,8
2026-08-25 05:00:00,21.3,100,25.2,0.0,3.9,137,25.1,24.6,845.0,484,13.8,6.2,72.0,45,2026-08-25,5,25,Tuesday,8
2026-08-25 06:00:00,21.9,96,26.2,0.0,2.3,180,27.9,27.2,755.0,473,11.1,5.7,85.0,47,2026-08-25,6,25,Tuesday,8
2026-08-25 07:00:00,23.1,91,27.5,0.0,2.5,291,24.4,24.0,664.0,456,7.5,5.1,102.0,45,2026-08-25,7,25,Tuesday,8
2026-08-25 08:00:00,24.4,83,28.5,0.1,3.5,348,13.4,12.9,583.0,443,4.6,4.4,115.0,55,2026-08-25,8,25,Tuesday,8
2026-08-25 09:00:00,26.1,74,30.6,0.2,1.0,59,10.6,10.2,511.0,438,3.3,3.8,118.0,58,2026-08-25,9,25,Tuesday,8
2026-08-25 10:00:00,27.3,71,33.1,0.4,1.1,270,9.6,9.2,447.0,437,2.8,3.1,116.0,56,2026-08-25,10,25,Tuesday,8
2026-08-25 11:00:00,25.5,75,29.8,0.2,5.8,306,9.7,9.3,403.0,436,2.6,2.6,113.0,53,2026-08-25,11,25,Tuesday,8
2026-08-25 12:00:00,24.5,84,28.7,2.4,7.7,286,7.9,7.6,374.0,435,2.1,2.3,110.0,50,2026-08-25,12,25,Tuesday,8
2026-08-25 13:00:00,25.5,78,30.4,0.6,5.2,331,5.9,5.6,364.0,435,1.9,2.1,106.0,46,2026-08-25,13,25,Tuesday,8
2026-08-25 14:00:00,25.6,78,29.8,2.2,3.3,347,5.1,4.9,393.0,435,2.7,2.0,100.0,40,2026-08-25,14,25,Tuesday,8
2026-08-25 15:00:00,25.9,74,30.1,0.5,0.8,207,5.4,5.2,489.0,434,5.1,2.0,92.0,36,2026-08-25,15,25,Tuesday,8
2026-08-25 16:00:00,25.5,76,29.5,0.2,2.7,307,6.6,6.4,625.0,434,8.7,2.1,82.0,31,2026-08-25,16,25,Tuesday,8
2026-08-25 17:00:00,23.6,89,27.9,0.0,2.6,321,13.3,13.0,736.0,435,11.7,3.0,78.0,36,2026-08-25,17,25,Tuesday,8
2026-08-25 18:00:00,21.5,100,25.4,2.7,4.7,189,21.5,21.1,795.0,440,15.9,3.8,70.0,43,2026-08-25,18,25,Tuesday,8
2026-08-25 19:00:00,21.3,99,25.4,3.6,2.9,112,25.7,25.1,830.0,446,21.7,5.0,59.0,46,2026-08-25,19,25,Tuesday,8
2026-08-25 20:00:00,21.5,98,25.6,0.9,3.2,133,27.9,27.0,859.0,452,26.5,6.0,50.0,47,2026-08-25,20,25,Tuesday,8
2026-08-25 21:00:00,21.3,100,25.3,0.0,3.4,162,30.0,28.9,899.0,456,30.1,6.9,44.0,48,2026-08-25,21,25,Tuesday,8
2026-08-25 22:00:00,21.1,100,25.2,0.0,2.3,148,32.7,31.4,933.0,460,32.7,7.7,41.0,49,2026-08-25,22,25,Tuesday,8
2026-08-25 23:00:00,22.3,100,26.9,0.6,3.1,152,35.4,34.1,933.0,463,32.6,8.0,40.0,51,2026-08-25,23,25,Tuesday,8
2026-08-26 00:00:00,21.4,100,25.4,0.0,4.3,147,34.2,32.8,868.0,464,27.5,7.5,45.0,50,2026-08-26,0,26,Wednesday,8
2026-08-26 01:00:00,21.2,100,24.9,0.1,5.6,147,23.7,22.2,770.0,463,19.8,6.7,53.0,44,2026-08-26,1,26,Wednesday,8
2026-08-26 02:00:00,21.0,100,24.8,0.0,4.0,144,22.6,21.1,702.0,465,14.4,6.1,58.0,43,2026-08-26,2,26,Wednesday,8
2026-08-26 03:00:00,20.8,99,24.5,0.0,4.2,168,22.7,21.1,704.0,474,14.6,6.3,56.0,43,2026-08-26,3,26,Wednesday,8
2026-08-26 04:00:00,20.7,99,24.4,0.0,3.8,177,24.1,22.5,737.0,485,17.2,6.8,50.0,44,2026-08-26,4,26,Wednesday,8
2026-08-26 05:00:00,21.7,100,26.1,0.0,2.5,111,28.2,26.5,744.0,489,19.2,7.5,49.0,47,2026-08-26,5,26,Wednesday,8
2026-08-26 06:00:00,21.9,99,26.5,0.0,1.9,131,30.2,28.7,701.0,477,15.4,6.9,64.0,48,2026-08-26,6,26,Wednesday,8
2026-08-26 07:00:00,22.9,92,27.4,0.0,1.2,141,18.0,16.8,633.0,457,10.0,6.0,85.0,41,2026-08-26,7,26,Wednesday,8
2026-08-26 08:00:00,24.4,82,28.6,0.0,1.9,107,13.9,13.3,560.0,442,5.7,5.1,101.0,41,2026-08-26,8,26,Wednesday,8
2026-08-26 09:00:00,26.2,71,30.4,0.0,3.1,83,11.7,10.4,474.0,438,3.4,4.0,106.0,46,2026-08-26,9,26,Wednesday,8
2026-08-26 10:00:00,27.6,64,32.2,0.0,3.8,98,10.6,9.2,383.0,438,2.2,2.7,105.0,45,2026-08-26,10,26,Wednesday,8
2026-08-26 11:00:00,28.1,61,33.1,0.2,3.2,87,9.2,7.9,329.0,439,1.6,1.9,104.0,44,2026-08-26,11,26,Wednesday,8
2026-08-26 12:00:00,26.2,70,31.1,0.8,2.5,240,8.4,7.5,326.0,439,1.6,1.8,104.0,44,2026-08-26,12,26,Wednesday,8
2026-08-26 13:00:00,24.9,80,29.5,3.2,6.0,273,8.3,7.8,360.0,440,2.3,2.1,102.0,42,2026-08-26,13,26,Wednesday,8
2026-08-26 14:00:00,24.4,84,28.6,0.7,3.0,295,8.1,7.8,427.0,440,3.2,2.4,101.0,41,2026-08-26,14,26,Wednesday,8
2026-08-26 15:00:00,24.1,84,28.1,0.4,4.0,249,8.5,8.3,517.0,439,3.5,2.6,101.0,41,2026-08-26,15,26,Wednesday,8
2026-08-26 16:00:00,22.7,94,27.1,1.2,2.4,312,7.4,7.1,640.0,437,4.1,2.8,101.0,41,2026-08-26,16,26,Wednesday,8
2026-08-26 17:00:00,22.4,94,26.5,0.9,3.4,344,11.5,11.0,822.0,438,7.5,3.0,93.0,37,2026-08-26,17,26,Wednesday,8
2026-08-26 18:00:00,22.1,96,26.2,0.6,4.3,112,17.4,16.9,1156.0,445,13.1,3.9,82.0,41,2026-08-26,18,26,Wednesday,8
2026-08-26 19:00:00,22.0,98,26.1,0.2,4.5,92,23.2,22.4,1551.0,454,21.0,5.2,66.0,44,2026-08-26,19,26,Wednesday,8
2026-08-26 20:00:00,21.9,99,26.0,0.2,4.5,124,28.2,27.1,1754.0,461,27.1,6.3,53.0,47,2026-08-26,20,26,Wednesday,8
2026-08-26 21:00:00,21.8,99,25.8,0.2,4.7,122,31.9,30.6,1608.0,462,29.9,6.8,45.0,49,2026-08-26,21,26,Wednesday,8
2026-08-26 22:00:00,21.6,99,25.7,0.1,3.9,143,34.3,33.1,1271.0,460,31.1,7.1,40.0,50,2026-08-26,22,26,Wednesday,8
2026-08-26 23:00:00,22.3,97,26.7,0.0,3.5,102,34.2,33.1,970.0,458,31.6,7.3,36.0,50,2026-08-26,23,26,Wednesday,8
2026-08-27 00:00:00,21.9,100,26.3,0.4,3.8,98,33.5,32.2,774.0,457,31.7,7.5,34.0,50,2026-08-27,0,27,Thursday,8
2026-08-27 01:00:00,21.8,100,26.2,0.3,2.8,79,34.3,33.1,615.0,457,31.2,7.6,33.0,50,2026-08-27,1,27,Thursday,8
2026-08-27 02:00:00,21.6,100,26.0,0.1,2.3,67,35.6,34.2,515.0,458,30.5,7.8,33.0,51,2026-08-27,2,27,Thursday,8
2026-08-27 03:00:00,21.4,100,25.7,0.0,2.1,121,34.8,33.2,506.0,464,30.3,8.4,31.0,50,2026-08-27,3,27,Thursday,8
2026-08-27 04:00:00,21.0,100,24.9,0.0,3.1,159,35.9,34.2,556.0,471,29.8,9.1,30.0,51,2026-08-27,4,27,Thursday,8
2026-08-27 05:00:00,21.5,100,25.7,0.0,2.8,153,32.5,30.7,597.0,473,22.5,7.1,39.0,49,2026-08-27,5,27,Thursday,8
2026-08-27 06:00:00,21.9,99,26.3,0.0,3.1,152,31.1,29.1,613.0,466,17.8,7.2,59.0,48,2026-08-27,6,27,Thursday,8
2026-08-27 07:00:00,23.3,91,27.9,0.0,1.3,196,23.9,21.8,619.0,454,11.2,7.3,88.0,44,2026-08-27,7,27,Thursday,8
2026-08-27 08:00:00,24.9,81,29.4,0.0,0.9,101,19.4,17.6,594.0,444,6.0,7.0,110.0,50,2026-08-27,8,27,Thursday,8
2026-08-27 09:00:00,26.4,70,30.9,0.0,1.5,150,15.4,13.7,506.0,440,3.4,5.9,120.0,60,2026-08-27,9,27,Thursday,8
2026-08-27 10:00:00,27.6,67,33.2,0.3,2.0,225,13.8,12.3,388.0,440,2.2,4.3,124.0,62,2026-08-27,10,27,Thursday,8
2026-08-27 11:00:00,27.4,71,32.7,0.0,4.2,295,12.5,11.4,312.0,439,1.6,3.1,125.0,63,2026-08-27,11,27,Thursday,8
2026-08-27 12:00:00,24.9,83,28.9,2.2,7.8,302,11.6,10.8,307.0,438,1.3,2.5,123.0,62,2026-08-27,12,27,Thursday,8
2026-08-27 13:00:00,24.8,87,30.1,3.3,3.6,327,11.8,11.1,345.0,437,1.6,2.3,117.0,57,2026-08-27,13,27,Thursday,8
2026-08-27 14:00:00,25.5,83,30.6,0.7,2.4,312,11.3,10.7,419.0,436,2.4,2.2,112.0,52,2026-08-27,14,27,Thursday,8
2026-08-27 15:00:00,25.8,78,30.1,0.2,3.2,270,13.4,12.9,549.0,436,3.5,2.3,110.0,50,2026-08-27,15,27,Thursday,8
2026-08-27 16:00:00,25.2,81,29.4,0.1,3.6,311,13.1,12.6,716.0,436,5.2,2.5,108.0,48,2026-08-27,16,27,Thursday,8
2026-08-27 17:00:00,24.0,81,27.8,0.2,2.6,348,14.4,13.9,851.0,438,8.1,3.1,103.0,43,2026-08-27,17,27,Thursday,8
2026-08-27 18:00:00,23.5,88,27.8,0.1,1.7,221,21.0,20.5,918.0,443,13.5,4.1,93.0,43,2026-08-27,18,27,Thursday,8
2026-08-27 19:00:00,23.0,94,27.7,0.0,1.3,98,28.2,27.7,954.0,450,20.1,5.5,80.0,47,2026-08-27,19,27,Thursday,8
2026-08-27 20:00:00,22.8,96,27.5,0.1,2.4,117,30.7,29.9,1003.0,456,25.1,6.6,70.0,49,2026-08-27,20,27,Thursday,8
2026-08-27 21:00:00,22.4,97,26.8,0.0,2.7,90,32.1,31.1,1113.0,462,27.4,7.4,65.0,49,2026-08-27,21,27,Thursday,8
2026-08-27 22:00:00,22.1,98,26.7,0.0,1.7,162,33.2,31.9,1235.0,467,28.1,7.9,62.0,50,2026-08-27,22,27,Thursday,8
2026-08-27 23:00:00,22.3,96,26.8,0.0,1.6,63,34.6,33.2,1270.0,470,27.2,8.2,61.0,50,2026-08-27,23,27,Thursday,8
2026-08-28 00:00:00,21.7,99,26.2,0.0,1.6,153,34.5,32.9,1137.0,470,23.8,8.0,63.0,50,2026-08-28,0,28,Friday,8
2026-08-28 01:00:00,21.5,99,25.8,0.0,2.0,153,33.2,31.8,916.0,469,18.8,7.4,66.0,50,2026-08-28,1,28,Friday,8
2026-08-28 02:00:00,21.1,100,25.2,0.0,2.1,142,27.4,26.5,747.0,469,15.7,7.1,68.0,47,2026-08-28,2,28,Friday,8
2026-08-28 03:00:00,20.9,100,24.8,0.0,3.0,128,23.8,23.3,696.0,473,16.8,7.3,64.0,45,2026-08-28,3,28,Friday,8
2026-08-28 04:00:00,20.8,100,24.5,0.0,4.0,129,26.3,25.8,697.0,479,19.7,7.7,59.0,46,2026-08-28,4,28,Friday,8
2026-08-28 05:00:00,21.4,100,25.6,0.0,2.6,124,31.0,29.9,692.0,479,22.8,6.7,48.0,49,2026-08-28,5,28,Friday,8
2026-08-28 06:00:00,21.6,100,26.3,0.0,0.7,194,34.7,33.6,665.0,468,17.6,6.6,72.0,51,2026-08-28,6,28,Friday,8
2026-08-28 07:00:00,22.6,94,26.9,0.0,2.8,105,23.4,22.9,633.0,452,10.5,6.4,104.0,45,2026-08-28,7,28,Friday,8
2026-08-28 08:00:00,24.4,83,28.7,0.1,2.3,113,15.5,15.1,588.0,440,5.0,5.9,127.0,64,2026-08-28,8,28,Friday,8
2026-08-28 09:00:00,26.0,78,31.0,0.3,1.2,51,14.2,13.7,512.0,436,2.7,4.8,131.0,66,2026-08-28,9,28,Friday,8
2026-08-28 10:00:00,26.9,76,33.3,0.2,1.1,279,13.6,13.1,423.0,437,2.0,3.4,127.0,64,2026-08-28,10,28,Friday,8
2026-08-28 11:00:00,27.2,73,32.0,0.1,7.0,291,12.8,12.2,369.0,437,1.8,2.4,122.0,61,2026-08-28,11,28,Friday,8
2026-08-28 12:00:00,24.1,89,28.3,6.4,8.3,270,12.5,11.9,370.0,436,1.5,2.2,122.0,61,2026-08-28,12,28,Friday,8
2026-08-28 13:00:00,24.7,86,29.8,2.5,0.4,180,13.4,12.8,407.0,436,1.6,2.4,122.0,61,2026-08-28,13,28,Friday,8
2026-08-28 14:00:00,24.6,84,28.6,0.5,4.8,315,14.5,14.0,466.0,436,2.5,2.6,120.0,60,2026-08-28,14,28,Friday,8
2026-08-28 15:00:00,24.9,82,28.8,0.5,5.3,325,14.8,14.4,555.0,436,4.6,2.7,115.0,55,2026-08-28,15,28,Friday,8
2026-08-28 16:00:00,24.4,83,28.5,0.4,3.4,286,16.2,15.9,666.0,435,7.5,2.9,107.0,47,2026-08-28,16,28,Friday,8
2026-08-28 17:00:00,23.5,88,27.6,2.1,3.5,339,13.7,13.5,768.0,437,6.8,2.7,101.0,41,2026-08-28,17,28,Friday,8
2026-08-28 18:00:00,22.5,96,27.0,1.0,2.7,122,12.5,12.4,845.0,441,9.3,3.1,96.0,38,2026-08-28,18,28,Friday,8
2026-08-28 19:00:00,22.0,99,26.3,0.1,4.0,98,20.6,20.4,914.0,448,12.9,3.8,88.0,43,2026-08-28,19,28,Friday,8
2026-08-28 20:00:00,22.1,98,26.3,0.0,3.6,123,21.2,21.0,988.0,454,17.0,4.5,80.0,43,2026-08-28,20,28,Friday,8
2026-08-28 21:00:00,21.9,98,26.3,0.0,1.9,151,26.4,26.3,1106.0,460,22.7,5.5,69.0,46,2026-08-28,21,28,Friday,8
2026-08-28 22:00:00,21.6,99,26.0,0.0,1.5,187,30.6,30.3,1229.0,467,28.8,6.6,56.0,49,2026-08-28,22,28,Friday,8
2026-08-28 23:00:00,22.4,100,27.2,0.0,2.5,150,34.8,33.9,1260.0,471,30.9,7.1,51.0,51,2026-08-28,23,28,Friday,8
2026-08-29 00:00:00,22.1,95,26.2,0.3,2.5,135,33.1,32.4,1112.0,471,25.4,6.5,59.0,50,2026-08-29,0,29,Saturday,8
2026-08-29 01:00:00,21.5,98,25.7,1.5,2.4,189,23.8,23.6,872.0,468,16.0,5.4,74.0,45,2026-08-29,1,29,Saturday,8
2026-08-29 02:00:00,21.4,98,25.4,0.6,2.9,133,21.8,21.5,694.0,468,9.1,4.7,85.0,44,2026-08-29,2,29,Saturday,8
2026-08-29 03:00:00,21.2,99,25.1,0.1,3.8,135,10.5,10.4,656.0,475,8.1,5.0,85.0,33,2026-08-29,3,29,Saturday,8
2026-08-29 04:00:00,20.9,100,24.8,0.0,3.3,119,9.5,9.5,682.0,485,9.8,5.7,80.0,30,2026-08-29,4,29,Saturday,8
2026-08-29 05:00:00,21.7,96,25.8,0.0,2.7,94,13.8,13.6,695.0,488,7.4,4.5,89.0,37,2026-08-29,5,29,Saturday,8
2026-08-29 06:00:00,21.7,98,25.8,0.3,4.4,97,15.4,15.2,668.0,476,6.8,4.9,97.0,40,2026-08-29,6,29,Saturday,8
2026-08-29 07:00:00,22.7,97,27.3,0.2,2.9,101,13.9,13.8,629.0,456,6.0,5.3,109.0,49,2026-08-29,7,29,Saturday,8
2026-08-29 08:00:00,24.3,89,29.1,0.1,2.4,48,9.7,9.7,585.0,441,5.1,5.3,117.0,57,2026-08-29,8,29,Saturday,8
2026-08-29 09:00:00,25.8,82,30.9,0.1,2.4,27,9.1,8.9,532.0,437,3.9,4.3,118.0,58,2026-08-29,9,29,Saturday,8
2026-08-29 10:00:00,27.3,74,33.0,0.0,3.1,7,9.7,9.4,475.0,437,2.5,2.8,115.0,55,2026-08-29,10,29,Saturday,8
2026-08-29 11:00:00,27.1,73,32.3,0.0,5.6,333,10.7,10.4,438.0,438,1.8,1.8,112.0,52,2026-08-29,11,29,Saturday,8
2026-08-29 12:00:00,24.8,84,29.5,4.1,7.4,267,12.0,11.8,421.0,437,2.0,1.6,110.0,50,2026-08-29,12,29,Saturday,8
2026-08-29 13:00:00,24.3,87,29.1,6.2,3.4,183,12.3,12.0,425.0,437,2.7,1.9,108.0,48,2026-08-29,13,29,Saturday,8
2026-08-29 14:00:00,24.8,86,29.9,1.5,0.5,45,12.7,12.4,476.0,437,3.8,2.2,107.0,47,2026-08-29,14,29,Saturday,8
2026-08-29 15:00:00,24.6,86,29.4,0.8,1.5,111,13.8,13.6,597.0,437,4.6,2.4,108.0,48,2026-08-29,15,29,Saturday,8
2026-08-29 16:00:00,24.8,87,29.7,0.2,2.7,94,14.4,14.2,764.0,438,5.6,2.5,109.0,49,2026-08-29,16,29,Saturday,8
2026-08-29 17:00:00,23.0,94,27.4,0.5,3.6,221,7.2,7.2,933.0,440,8.0,3.1,96.0,38,2026-08-29,17,29,Saturday,8
2026-08-29 18:00:00,22.9,94,27.5,3.9,1.3,124,15.8,15.5,1122.0,446,15.4,4.0,84.0,40,2026-08-29,18,29,Saturday,8
2026-08-29 19:00:00,22.6,97,26.9,3.0,4.9,92,24.1,23.6,1312.0,453,25.4,5.3,66.0,45,2026-08-29,19,29,Saturday,8
2026-08-29 20:00:00,22.2,96,26.2,2.0,5.1,94,26.9,26.3,1399.0,458,32.3,6.3,54.0,46,2026-08-29,20,29,Saturday,8
2026-08-29 21:00:00,22.0,98,26.1,1.2,5.0,120,29.5,28.8,1311.0,459,33.2,6.9,51.0,48,2026-08-29,21,29,Saturday,8
2026-08-29 22:00:00,21.8,98,25.8,0.9,4.9,114,28.0,27.4,1120.0,458,30.9,7.3,52.0,47,2026-08-29,22,29,Saturday,8
2026-08-29 23:00:00,22.2,97,26.3,1.8,4.9,107,27.4,26.7,937.0,458,27.9,7.3,55.0,47,2026-08-29,23,29,Saturday,8
2026-08-30 00:00:00,21.7,98,25.4,1.0,6.6,101,25.1,24.3,785.0,458,24.0,6.8,59.0,45,2026-08-30,0,30,Sunday,8
2026-08-30 01:00:00,21.6,98,25.2,0.6,6.5,120,20.7,20.0,641.0,459,19.3,5.9,64.0,43,2026-08-30,1,30,Sunday,8
2026-08-30 02:00:00,21.5,98,25.5,0.3,4.3,138,20.0,19.4,550.0,462,16.6,5.4,66.0,43,2026-08-30,2,30,Sunday,8
2026-08-30 03:00:00,21.5,99,25.7,0.0,2.5,172,21.9,21.4,557.0,472,18.2,5.6,61.0,44,2026-08-30,3,30,Sunday,8
2026-08-30 04:00:00,21.3,99,25.6,0.0,1.5,150,24.7,24.0,619.0,486,21.7,6.2,52.0,45,2026-08-30,4,30,Sunday,8
2026-08-30 05:00:00,21.7,100,26.4,0.0,0.9,169,28.0,27.3,645.0,490,21.7,6.8,45.0,47,2026-08-30,5,30,Sunday,8
2026-08-30 06:00:00,21.9,97,26.3,0.0,1.8,233,32.2,31.4,592.0,477,16.8,6.8,68.0,49,2026-08-30,6,30,Sunday,8
2026-08-30 07:00:00,23.1,91,27.7,0.0,1.2,297,23.4,23.0,504.0,456,10.1,6.8,101.0,45,2026-08-30,7,30,Sunday,8
2026-08-30 08:00:00,24.8,84,29.3,0.0,2.3,331,13.7,13.6,429.0,440,4.8,6.3,123.0,62,2026-08-30,8,30,Sunday,8
2026-08-30 09:00:00,26.1,80,31.0,0.0,3.5,325,11.0,10.9,384.0,435,2.4,4.9,127.0,64,2026-08-30,9,30,Sunday,8
2026-08-30 10:00:00,27.5,73,33.0,0.3,4.3,312,10.5,10.4,353.0,436,1.6,3.0,121.0,61,2026-08-30,10,30,Sunday,8
2026-08-30 11:00:00,24.7,80,28.9,11.5,7.0,318,9.9,9.8,334.0,437,1.4,1.7,114.0,54,2026-08-30,11,30,Sunday,8
2026-08-30 12:00:00,24.6,88,29.4,2.9,4.9,306,9.6,9.6,327.0,437,1.8,1.4,107.0,47,2026-08-30,12,30,Sunday,8
2026-08-30 13:00:00,24.8,88,29.7,1.2,3.5,294,11.6,11.6,332.0,436,2.8,1.7,100.0,40,2026-08-30,13,30,Sunday,8
2026-08-30 14:00:00,25.7,80,30.2,0.4,3.7,299,12.0,12.0,352.0,436,4.2,2.1,94.0,37,2026-08-30,14,30,Sunday,8
2026-08-30 15:00:00,24.4,81,28.2,0.7,3.8,335,15.0,15.0,369.0,435,5.5,2.5,93.0,40,2026-08-30,15,30,Sunday,8
2026-08-30 16:00:00,24.8,82,28.9,1.5,4.0,321,14.8,14.8,401.0,433,7.2,3.0,95.0,40,2026-08-30,16,30,Sunday,8
2026-08-30 17:00:00,23.1,93,27.7,2.1,2.1,38,7.4,7.4,507.0,435,5.7,2.8,97.0,39,2026-08-30,17,30,Sunday,8
2026-08-30 18:00:00,22.3,99,27.0,0.6,2.0,63,14.8,14.8,766.0,442,12.4,3.9,85.0,40,2026-08-30,18,30,Sunday,8
2026-08-30 19:00:00,22.2,99,27.0,0.4,1.6,153,24.1,23.5,1099.0,452,21.6,5.5,67.0,45,2026-08-30,19,30,Sunday,8
2026-08-30 20:00:00,22.2,99,27.0,0.3,1.2,153,32.1,31.5,1322.0,460,28.4,6.8,54.0,49,2026-08-30,20,30,Sunday,8
2026-08-30 21:00:00,22.1,100,26.7,0.2,2.2,175,36.7,36.0,1347.0,465,30.7,7.6,49.0,52,2026-08-30,21,30,Sunday,8
2026-08-30 22:00:00,21.4,99,25.2,0.4,4.8,160,38.2,37.5,1262.0,470,30.5,8.1,47.0,53,2026-08-30,22,30,Sunday,8
2026-08-30 23:00:00,22.7,98,27.2,1.1,3.8,273,39.2,38.4,1153.0,474,29.7,8.4,47.0,53,2026-08-30,23,30,Sunday,8
2026-08-31 00:00:00,22.1,100,26.9,0.6,1.5,324,39.2,38.3,1035.0,480,28.2,8.4,47.0,53,2026-08-31,0,31,Monday,8
2026-08-31 01:00:00,21.9,100,26.4,0.3,2.8,27,34.9,34.0,892.0,486,26.1,8.3,48.0,51,2026-08-31,1,31,Monday,8
2026-08-31 02:00:00,21.7,100,25.9,0.1,3.3,99,35.2,34.2,765.0,490,24.4,8.2,49.0,51,2026-08-31,2,31,Monday,8
2026-08-31 03:00:00,21.7,100,26.2,0.0,1.6,117,34.5,33.4,657.0,490,24.5,8.5,46.0,51,2026-08-31,3,31,Monday,8
2026-08-31 04:00:00,21.8,99,26.4,0.0,1.8,66,34.0,32.9,564.0,488,25.1,8.9,43.0,50,2026-08-31,4,31,Monday,8
2026-08-31 05:00:00,21.8,100,26.4,0.1,1.2,141,28.5,27.8,514.0,482,20.1,7.0,45.0,47,2026-08-31,5,31,Monday,8
2026-08-31 06:00:00,22.1,98,26.7,0.0,1.3,146,36.6,35.7,543.0,469,16.0,7.0,65.0,52,2026-08-31,6,31,Monday,8
2026-08-31 07:00:00,23.0,92,27.5,0.0,1.6,90,27.8,27.4,615.0,452,10.2,7.1,93.0,47,2026-08-31,7,31,Monday,8
2026-08-31 08:00:00,24.5,82,29.0,0.0,0.3,315,14.3,14.3,644.0,439,5.7,6.7,114.0,54,2026-08-31,8,31,Monday,8
2026-08-31 09:00:00,26.2,74,30.7,0.0,2.4,279,13.0,12.9,579.0,435,3.4,5.6,122.0,61,2026-08-31,9,31,Monday,8
2026-08-31 10:00:00,27.2,70,32.2,0.0,2.9,274,12.5,12.4,472.0,435,2.2,4.2,123.0,62,2026-08-31,10,31,Monday,8
2026-08-31 11:00:00,25.8,72,28.8,0.1,8.4,320,11.7,11.5,393.0,435,1.9,3.1,121.0,61,2026-08-31,11,31,Monday,8
2026-08-31 12:00:00,25.3,74,28.5,0.9,7.7,303,10.7,10.5,360.0,434,2.6,2.6,115.0,55,2026-08-31,12,31,Monday,8
2026-08-31 13:00:00,26.4,74,31.2,0.5,2.8,297,10.0,9.8,355.0,433,4.0,2.4,106.0,46,2026-08-31,13,31,Monday,8
2026-08-31 14:00:00,26.5,73,30.6,0.1,5.1,253,11.3,11.2,397.0,432,5.3,2.4,100.0,40,2026-08-31,14,31,Monday,8
2026-08-31 15:00:00,25.8,72,28.8,0.3,7.3,263,9.8,9.7,517.0,432,5.3,2.6,103.0,43,2026-08-31,15,31,Monday,8
2026-08-31 16:00:00,23.2,87,27.0,1.4,4.7,220,10.1,10.0,684.0,432,5.0,2.9,110.0,50,2026-08-31,16,31,Monday,8
2026-08-31 17:00:00,23.6,86,27.4,1.2,4.5,254,6.7,6.7,823.0,434,7.9,3.1,101.0,41,2026-08-31,17,31,Monday,8
2026-08-31 18:00:00,22.4,95,26.8,2.4,2.6,146,11.6,11.6,912.0,439,11.5,3.9,92.0,36,2026-08-31,18,31,Monday,8
2026-08-31 19:00:00,22.1,92,26.0,5.3,2.8,252,17.3,17.3,974.0,446,16.6,5.1,80.0,41,2026-08-31,19,31,Monday,8
2026-08-31 20:00:00,21.9,96,26.3,5.9,1.5,159,20.6,20.1,1003.0,451,21.4,6.2,70.0,43,2026-08-31,20,31,Monday,8
2026-08-31 21:00:00,21.6,100,25.9,3.8,2.7,70,25.0,24.4,992.0,453,26.1,7.3,62.0,45,2026-08-31,21,31,Monday,8
2026-08-31 22:00:00,21.4,99,25.7,1.4,1.9,158,30.7,30.2,948.0,454,30.4,8.4,56.0,49,2026-08-31,22,31,Monday,8
2026-08-31 23:00:00,21.7,98,26.2,0.8,0.6,18,33.2,32.4,887.0,455,31.9,9.0,53.0,50,2026-08-31,23,31,Monday,8
2026-09-01 00:00:00,21.4,98,25.7,1.7,1.5,346,26.9,26.1,798.0,458,28.1,8.8,56.0,46,2026-09-01,0,1,Tuesday,9
2026-09-01 01:00:00,21.2,98,25.4,1.0,1.4,23,25.0,24.2,692.0,461,21.4,8.1,62.0,45,2026-09-01,1,1,Tuesday,9
2026-09-01 02:00:00,21.0,100,24.9,0.2,3.3,189,21.4,20.8,623.0,466,16.5,7.6,66.0,43,2026-09-01,2,1,Tuesday,9
2026-09-01 03:00:00,21.0,100,25.3,0.0,0.6,162,18.2,17.9,627.0,475,16.0,7.6,65.0,42,2026-09-01,3,1,Tuesday,9
2026-09-01 04:00:00,20.9,100,25.1,0.1,1.1,108,19.4,19.0,669.0,485,17.2,7.7,63.0,42,2026-09-01,4,1,Tuesday,9
2026-09-01 05:00:00,21.2,100,25.6,0.0,0.4,90,7.7,7.6,693.0,488,10.8,5.8,70.0,25,2026-09-01,5,1,Tuesday,9
2026-09-01 06:00:00,21.4,98,25.7,0.1,0.4,63,14.3,13.9,680.0,476,9.8,5.7,79.0,38,2026-09-01,6,1,Tuesday,9
2026-09-01 07:00:00,22.3,91,26.4,0.1,0.9,323,8.8,8.8,650.0,456,8.3,5.6,90.0,35,2026-09-01,7,1,Tuesday,9
2026-09-01 08:00:00,23.5,85,27.4,0.0,2.9,356,6.2,6.1,605.0,441,6.7,5.1,99.0,40,2026-09-01,8,1,Tuesday,9
2026-09-01 09:00:00,24.6,82,28.6,0.0,3.5,336,4.8,4.7,533.0,436,4.9,4.0,102.0,42,2026-09-01,9,1,Tuesday,9
2026-09-01 10:00:00,25.6,77,29.8,0.0,5.0,339,4.5,4.3,447.0,437,2.9,2.6,102.0,42,2026-09-01,10,1,Tuesday,9
2026-09-01 11:00:00,25.9,69,29.4,0.1,5.7,342,4.1,4.0,386.0,437,1.8,1.6,100.0,40,2026-09-01,11,1,Tuesday,9
2026-09-01 12:00:00,25.9,69,29.3,0.7,3.8,265,3.5,3.4,356.0,436,1.8,1.3,96.0,38,2026-09-01,12,1,Tuesday,9
2026-09-01 13:00:00,26.6,71,31.5,0.5,4.3,275,4.1,4.0,352.0,435,2.6,1.4,90.0,35,2026-09-01,13,1,Tuesday,9
2026-09-01 14:00:00,26.6,73,30.9,0.0,4.1,285,4.8,4.8,398.0,434,4.0,1.7,85.0,33,2026-09-01,14,1,Tuesday,9
2026-09-01 15:00:00,24.4,83,28.1,1.7,6.5,256,7.2,7.2,523.0,434,6.0,2.1,85.0,33,2026-09-01,15,1,Tuesday,9
2026-09-01 16:00:00,22.5,90,26.0,7.3,5.6,211,6.1,6.1,699.0,435,8.7,2.7,86.0,33,2026-09-01,16,1,Tuesday,9
2026-09-01 17:00:00,22.6,90,26.6,3.9,2.5,315,16.6,16.1,862.0,437,11.8,2.8,70.0,41,2026-09-01,17,1,Tuesday,9
2026-09-01 18:00:00,21.8,97,25.8,7.2,4.0,175,23.6,23.3,996.0,443,15.1,3.6,64.0,45,2026-09-01,18,1,Tuesday,9
2026-09-01 19:00:00,21.8,99,26.4,4.3,1.0,158,25.9,25.6,1118.0,450,19.6,4.7,55.0,46,2026-09-01,19,1,Tuesday,9
2026-09-01 20:00:00,21.8,96,25.8,1.9,2.8,135,26.4,26.0,1212.0,457,22.0,5.4,50.0,46,2026-09-01,20,1,Tuesday,9
2026-09-01 21:00:00,21.6,99,26.0,0.9,1.6,153,25.0,24.6,1293.0,462,20.1,5.2,51.0,45,2026-09-01,21,1,Tuesday,9
2026-09-01 22:00:00,21.5,99,25.8,0.5,2.5,150,22.2,21.7,1346.0,466,16.0,4.6,56.0,44,2026-09-01,22,1,Tuesday,9
2026-09-01 23:00:00,21.8,97,26.0,1.2,2.0,95,18.7,18.3,1318.0,468,13.3,4.3,58.0,42,2026-09-01,23,1,Tuesday,9
2026-09-02 00:00:00,21.5,100,26.0,3.3,0.8,135,18.1,17.7,1140.0,468,13.8,4.5,56.0,42,2026-09-02,0,2,Wednesday,9
2026-09-02 01:00:00,21.3,98,25.6,2.6,1.3,344,19.8,19.4,880.0,466,15.6,5.0,51.0,43,2026-09-02,1,2,Wednesday,9
2026-09-02 02:00:00,21.2,98,25.5,1.6,0.6,236,21.3,20.9,691.0,466,16.6,5.5,48.0,43,2026-09-02,2,2,Wednesday,9
2026-09-02 03:00:00,21.1,99,25.2,0.6,1.9,253,21.2,20.7,651.0,472,16.1,5.9,47.0,43,2026-09-02,3,2,Wednesday,9
2026-09-02 04:00:00,20.9,100,25.2,0.2,0.4,243,22.7,22.2,682.0,480,14.9,6.2,47.0,44,2026-09-02,4,2,Wednesday,9
2026-09-02 05:00:00,21.1,96,24.8,0.0,3.4,87,23.1,22.6,702.0,482,13.6,5.9,45.0,44,2026-09-02,5,2,Wednesday,9
2026-09-02 06:00:00,21.3,97,25.2,0.4,2.5,86,23.2,22.7,688.0,472,11.7,5.7,56.0,44,2026-09-02,6,2,Wednesday,9
2026-09-02 07:00:00,21.9,95,26.0,0.1,2.5,69,19.1,18.6,663.0,456,9.0,5.5,72.0,42,2026-09-02,7,2,Wednesday,9
2026-09-02 08:00:00,23.4,87,27.4,0.2,2.9,79,15.7,15.4,620.0,443,6.6,5.0,84.0,40,2026-09-02,8,2,Wednesday,9
2026-09-02 09:00:00,24.9,80,28.9,0.1,3.5,39,14.6,14.3,534.0,438,4.9,4.1,89.0,39,2026-09-02,9,2,Wednesday,9
2026-09-02 10:00:00,26.7,73,31.3,0.1,3.3,61,11.0,10.8,429.0,437,3.5,2.9,90.0,35,2026-09-02,10,2,Wednesday,9
2026-09-02 11:00:00,24.8,79,28.8,0.4,2.9,270,9.3,9.1,367.0,437,2.6,2.0,91.0,36,2026-09-02,11,2,Wednesday,9
2026-09-02 12:00:00,23.3,87,27.3,11.5,4.4,263,8.9,8.7,377.0,437,2.0,1.6,92.0,36,2026-09-02,12,2,Wednesday,9
2026-09-02 13:00:00,23.0,85,26.7,1.9,3.0,308,8.4,8.1,430.0,438,1.8,1.5,91.0,36,2026-09-02,13,2,Wednesday,9
2026-09-02 14:00:00,23.3,86,27.2,1.5,3.3,331,6.3,6.0,506.0,438,2.3,1.6,90.0,35,2026-09-02,14,2,Wednesday,9
2026-09-02 15:00:00,23.7,87,27.9,0.7,3.1,336,7.5,7.2,615.0,437,3.8,1.9,87.0,34,2026-09-02,15,2,Wednesday,9
2026-09-02 16:00:00,22.7,88,26.4,5.2,2.7,270,7.7,7.4,748.0,436,6.0,2.3,84.0,32,2026-09-02,16,2,Wednesday,9
2026-09-02 17:00:00,21.6,96,25.9,4.3,1.2,39,10.2,9.7,852.0,437,10.6,2.9,72.0,29,2026-09-02,17,2,Wednesday,9
2026-09-02 18:00:00,21.7,96,25.8,4.4,1.8,101,16.4,15.9,905.0,441,14.4,3.7,66.0,41,2026-09-02,18,2,Wednesday,9
2026-09-02 19:00:00,21.6,99,25.8,0.8,2.6,164,21.5,20.7,929.0,447,19.7,4.9,58.0,43,2026-09-02,19,2,Wednesday,9
2026-09-02 20:00:00,21.1,95,24.5,1.4,4.7,130,22.2,21.2,942.0,452,23.5,5.8,52.0,44,2026-09-02,20,2,Wednesday,9
2026-09-02 21:00:00,21.0,97,24.6,0.8,4.3,135,24.1,23.0,954.0,456,24.5,6.4,49.0,45,2026-09-02,21,2,Wednesday,9
2026-09-02 22:00:00,20.8,98,24.3,0.2,4.7,140,26.2,24.9,954.0,460,23.9,6.8,47.0,46,2026-09-02,22,2,Wednesday,9
2026-09-02 23:00:00,21.3,95,24.8,0.1,4.5,119,24.7,23.3,924.0,463,22.9,7.0,46.0,45,2026-09-02,23,2,Wednesday,9
2026-09-03 00:00:00,20.6,97,23.9,0.1,4.4,128,24.5,22.9,837.0,465,21.5,7.1,46.0,45,2026-09-03,0,3,Thursday,9
2026-09-03 01:00:00,20.6,98,24.0,0.0,4.2,137,24.2,22.5,719.0,466,19.6,7.1,48.0,44,2026-09-03,1,3,Thursday,9
2026-09-03 02:00:00,20.5,98,24.1,0.0,2.7,160,22.3,20.7,633.0,468,17.6,7.0,49.0,43,2026-09-03,2,3,Thursday,9
2026-09-03 03:00:00,20.5,98,24.4,0.0,1.0,158,21.5,19.8,618.0,475,15.8,6.7,49.0,43,2026-09-03,3,3,Thursday,9
2026-09-03 04:00:00,20.1,100,23.8,0.0,1.7,148,21.8,20.3,634.0,483,14.0,6.2,50.0,43,2026-09-03,4,3,Thursday,9
2026-09-03 05:00:00,21.1,100,25.2,0.0,2.0,95,10.0,9.1,626.0,484,7.3,3.5,67.0,28,2026-09-03,5,3,Thursday,9
2026-09-03 06:00:00,21.4,94,25.0,0.0,3.0,123,10.1,9.3,566.0,473,6.7,3.3,72.0,29,2026-09-03,6,3,Thursday,9
2026-09-03 07:00:00,22.1,91,26.0,0.1,2.1,110,8.4,7.6,482.0,455,5.8,2.9,78.0,29,2026-09-03,7,3,Thursday,9
2026-09-03 08:00:00,23.4,83,27.1,0.2,2.7,94,8.0,7.2,406.0,442,4.9,2.6,84.0,32,2026-09-03,8,3,Thursday,9
2026-09-03 09:00:00,24.4,77,27.7,0.7,4.5,90,8.1,7.3,337.0,438,3.9,2.3,88.0,34,2026-09-03,9,3,Thursday,9
2026-09-03 10:00:00,25.2,74,28.6,0.2,4.5,85,7.9,7.0,275.0,437,3.0,2.0,92.0,36,2026-09-03,10,3,Thursday,9
2026-09-03 11:00:00,25.1,73,29.4,0.7,1.0,135,7.3,6.5,255.0,437,2.3,1.8,95.0,38,2026-09-03,11,3,Thursday,9
2026-09-03 12:00:00,24.2,83,28.4,2.6,2.7,270,7.8,7.2,290.0,436,2.0,1.8,98.0,39,2026-09-03,12,3,Thursday,9
2026-09-03 13:00:00,23.5,91,28.2,2.8,4.5,293,7.7,7.1,368.0,434,1.9,1.9,100.0,40,2026-09-03,13,3,Thursday,9
2026-09-03 14:00:00,22.7,86,26.0,9.8,4.7,317,7.3,6.7,480.0,434,2.5,2.1,100.0,40,2026-09-03,14,3,Thursday,9
2026-09-03 15:00:00,22.7,86,26.5,3.8,1.8,360,6.6,6.0,619.0,434,3.6,2.2,98.0,39,2026-09-03,15,3,Thursday,9
2026-09-03 16:00:00,22.0,93,26.1,1.3,1.6,333,6.6,6.1,793.0,435,5.3,2.4,93.0,37,2026-09-03,16,3,Thursday,9
2026-09-03 17:00:00,21.9,92,25.8,0.9,1.5,306,15.4,14.0,1020.0,438,9.5,2.8,82.0,38,2026-09-03,17,3,Thursday,9
2026-09-03 18:00:00,21.0,99,25.3,3.2,0.8,135,22.4,21.2,1385.0,446,16.5,3.9,70.0,44,2026-09-03,18,3,Thursday,9
2026-09-03 19:00:00,20.8,99,24.5,2.4,3.6,131,31.9,30.7,1804.0,456,26.2,5.5,54.0,49,2026-09-03,19,3,Thursday,9
2026-09-03 20:00:00,20.8,97,24.3,1.7,3.7,125,36.0,34.3,2039.0,464,33.4,6.9,42.0,51,2026-09-03,20,3,Thursday,9
2026-09-03 21:00:00,20.7,98,24.3,2.1,3.2,128,39.2,37.3,1938.0,468,35.7,7.8,38.0,53,2026-09-03,21,3,Thursday,9
2026-09-03 22:00:00,20.5,98,23.7,1.2,4.8,132,41.1,39.0,1652.0,470,35.5,8.6,38.0,54,2026-09-03,22,3,Thursday,9
2026-09-03 23:00:00,21.0,96,24.4,0.8,4.3,114,41.1,38.9,1405.0,473,35.1,9.1,38.0,54,2026-09-03,23,3,Thursday,9
2026-09-04 00:00:00,20.5,99,24.0,0.4,4.0,129,42.8,40.5,1281.0,481,35.3,9.4,36.0,55,2026-09-04,0,4,Friday,9
2026-09-04 01:00:00,20.1,99,23.6,0.3,3.1,144,45.6,43.4,1195.0,490,35.2,9.5,33.0,56,2026-09-04,1,4,Friday,9
2026-09-04 02:00:00,20.0,100,23.4,0.0,3.4,133,44.6,42.3,1110.0,497,34.5,9.7,32.0,56,2026-09-04,2,4,Friday,9
2026-09-04 03:00:00,20.0,100,23.4,0.0,3.3,139,41.9,39.5,1014.0,503,33.4,10.3,31.0,54,2026-09-04,3,4,Friday,9
2026-09-04 04:00:00,20.1,99,23.6,0.0,2.4,126,41.6,39.2,921.0,508,31.6,11.0,31.0,54,2026-09-04,4,4,Friday,9
2026-09-04 05:00:00,20.5,99,24.2,0.0,3.0,163,42.7,40.4,832.0,504,28.7,10.7,35.0,55,2026-09-04,5,4,Friday,9
2026-09-04 06:00:00,20.8,98,24.4,0.0,3.7,141,44.1,42.7,753.0,486,21.7,9.0,55.0,56,2026-09-04,6,4,Friday,9
2026-09-04 07:00:00,21.8,93,25.7,0.0,1.9,131,24.6,23.7,679.0,460,12.0,6.6,82.0,45,2026-09-04,7,4,Friday,9
2026-09-04 08:00:00,23.4,82,27.2,0.0,1.2,39,16.1,15.4,598.0,440,4.6,4.6,102.0,42,2026-09-04,8,4,Friday,9
2026-09-04 09:00:00,25.1,76,28.9,0.0,2.3,51,12.7,12.1,491.0,433,1.9,3.2,106.0,46,2026-09-04,9,4,Friday,9
2026-09-04 10:00:00,26.7,69,31.7,0.1,2.6,51,14.3,13.6,378.0,433,1.6,2.2,103.0,43,2026-09-04,10,4,Friday,9
2026-09-04 11:00:00,27.0,64,30.6,7.9,0.9,79,9.7,9.3,306.0,434,1.7,1.5,100.0,40,2026-09-04,11,4,Friday,9
2026-09-04 12:00:00,23.6,83,27.2,5.2,7.3,222,8.9,8.6,286.0,434,1.7,1.3,99.0,40,2026-09-04,12,4,Friday,9
2026-09-04 13:00:00,23.8,81,27.3,2.2,4.5,270,9.0,8.8,308.0,435,2.2,1.4,98.0,39,2026-09-04,13,4,Friday,9
2026-09-04 14:00:00,23.5,80,26.7,0.9,4.1,326,9.5,9.4,391.0,436,3.2,1.7,97.0,39,2026-09-04,14,4,Friday,9
2026-09-04 15:00:00,22.9,85,26.7,2.3,2.1,20,9.1,8.9,564.0,436,4.2,1.9,96.0,38,2026-09-04,15,4,Friday,9
2026-09-04 16:00:00,22.4,89,26.4,3.7,1.4,90,9.7,9.6,797.0,437,5.6,2.3,94.0,37,2026-09-04,16,4,Friday,9
2026-09-04 17:00:00,21.5,96,25.2,3.2,4.1,92,11.2,11.2,1021.0,439,8.7,2.1,84.0,32,2026-09-04,17,4,Friday,9
2026-09-04 18:00:00,20.9,98,24.6,2.0,3.3,103,16.2,16.1,1225.0,445,14.3,3.2,76.0,41,2026-09-04,18,4,Friday,9
2026-09-04 19:00:00,20.3,97,23.8,3.8,1.7,162,22.3,22.1,1421.0,452,22.1,4.7,65.0,44,2026-09-04,19,4,Friday,9
2026-09-04 20:00:00,20.2,100,23.7,2.2,3.5,156,27.4,26.8,1568.0,460,28.0,5.9,56.0,47,2026-09-04,20,4,Friday,9
2026-09-04 21:00:00,20.0,99,23.1,1.4,4.3,147,33.9,33.2,1664.0,467,30.1,6.5,51.0,50,2026-09-04,21,4,Friday,9
2026-09-04 22:00:00,19.7,100,22.8,0.5,4.3,147,38.0,37.1,1713.0,474,30.3,6.9,48.0,53,2026-09-04,22,4,Friday,9
2026-09-04 23:00:00,20.8,99,24.5,0.1,3.6,150,34.7,33.9,1685.0,481,30.0,7.1,46.0,51,2026-09-04,23,4,Friday,9
2026-09-05 00:00:00,20.0,99,23.0,0.5,5.5,169,34.7,33.9,1534.0,487,30.0,7.2,43.0,51,2026-09-05,0,5,Saturday,9
2026-09-05 01:00:00,19.9,100,23.4,0.9,2.3,141,36.6,35.6,1306.0,492,29.6,7.1,42.0,52,2026-09-05,1,5,Saturday,9
2026-09-05 02:00:00,19.6,100,22.8,0.7,3.1,152,35.5,34.5,1116.0,497,27.5,7.0,43.0,51,2026-09-05,2,5,Saturday,9
2026-09-05 03:00:00,19.6,100,22.9,1.7,2.8,105,31.4,31.3,1019.0,503,22.5,6.9,49.0,49,2026-09-05,3,5,Saturday,9
2026-09-05 04:00:00,19.5,100,22.6,0.3,4.1,119,26.7,26.6,959.0,509,16.0,6.6,59.0,47,2026-09-05,4,5,Saturday,9
2026-09-05 05:00:00,20.3,100,23.6,0.0,4.5,90,11.8,11.7,879.0,506,10.8,4.7,64.0,33,2026-09-05,5,5,Saturday,9
2026-09-05 06:00:00,20.4,98,23.8,0.0,3.6,127,13.6,13.5,744.0,487,8.8,4.3,75.0,37,2026-09-05,6,5,Saturday,9
2026-09-05 07:00:00,21.4,93,25.0,0.0,3.6,117,9.7,9.5,589.0,459,6.1,3.8,91.0,36,2026-09-05,7,5,Saturday,9
2026-09-05 08:00:00,23.7,80,26.8,0.0,5.4,120,8.7,8.5,460.0,439,4.1,3.3,102.0,42,2026-09-05,8,5,Saturday,9
2026-09-05 09:00:00,25.6,69,28.7,0.0,4.4,111,9.3,8.9,370.0,433,3.5,2.8,103.0,43,2026-09-05,9,5,Saturday,9
2026-09-05 10:00:00,27.1,67,32.1,0.0,4.0,95,9.1,8.6,306.0,434,3.5,2.3,98.0,39,2026-09-05,10,5,Saturday,9
2026-09-05 11:00:00,26.3,69,31.5,0.3,0.5,360,10.2,9.8,278.0,435,3.6,2.1,96.0,38,2026-09-05,11,5,Saturday,9
2026-09-05 12:00:00,22.2,90,25.4,5.6,6.0,265,10.7,10.2,285.0,435,3.3,2.3,100.0,40,2026-09-05,12,5,Saturday,9
2026-09-05 13:00:00,23.5,87,27.8,2.3,2.9,300,11.2,10.8,328.0,435,3.1,2.7,105.0,45,2026-09-05,13,5,Saturday,9
2026-09-05 14:00:00,23.8,81,27.3,0.9,3.6,333,11.1,10.7,415.0,436,3.6,3.0,108.0,48,2026-09-05,14,5,Saturday,9
2026-09-05 15:00:00,23.5,83,27.0,1.2,4.0,291,11.1,10.7,577.0,437,5.0,3.1,106.0,46,2026-09-05,15,5,Saturday,9
2026-09-05 16:00:00,22.6,89,26.4,0.6,3.5,305,12.7,12.4,783.0,438,7.1,3.2,101.0,41,2026-09-05,16,5,Saturday,9
2026-09-05 17:00:00,22.2,90,25.8,2.1,3.0,335,12.5,12.1,946.0,440,9.2,2.7,92.0,36,2026-09-05,17,5,Saturday,9
2026-09-05 18:00:00,21.3,97,25.1,1.2,3.3,144,19.8,19.6,1029.0,444,13.3,3.4,86.0,43,2026-09-05,18,5,Saturday,9
2026-09-05 19:00:00,21.3,95,25.3,3.1,1.0,149,24.6,24.3,1070.0,450,18.8,4.3,78.0,45,2026-09-05,19,5,Saturday,9
2026-09-05 20:00:00,20.9,98,24.6,2.8,3.3,81,23.3,23.0,1093.0,455,22.0,4.9,73.0,45,2026-09-05,20,5,Saturday,9
2026-09-05 21:00:00,20.6,98,24.1,1.4,3.5,81,27.0,26.7,1121.0,459,20.7,5.0,74.0,47,2026-09-05,21,5,Saturday,9
2026-09-05 22:00:00,20.4,98,23.9,2.7,3.3,99,25.2,24.9,1133.0,462,17.1,4.8,79.0,46,2026-09-05,22,5,Saturday,9
2026-09-05 23:00:00,20.5,99,24.4,3.2,1.5,126,20.0,19.6,1086.0,464,13.8,4.6,83.0,43,2026-09-05,23,5,Saturday,9
2026-09-06 00:00:00,20.6,95,24.2,3.5,1.1,108,17.7,17.3,930.0,465,11.5,4.4,85.0,41,2026-09-06,0,6,Sunday,9
2026-09-06 01:00:00,20.2,98,23.7,1.5,3.0,104,18.2,17.8,717.0,464,9.4,4.1,87.0,42,2026-09-06,1,6,Sunday,9
2026-09-06 02:00:00,20.2,99,23.5,0.3,4.2,110,18.8,18.4,558.0,465,7.8,3.8,89.0,42,2026-09-06,2,6,Sunday,9
2026-09-06 03:00:00,20.3,99,23.5,0.6,4.8,132,16.6,16.3,514.0,469,6.9,3.5,91.0,41,2026-09-06,3,6,Sunday,9
2026-09-06 04:00:00,19.9,100,23.2,0.1,3.9,118,13.4,13.1,525.0,474,6.6,3.1,92.0,36,2026-09-06,4,6,Sunday,9
2026-09-06 05:00:00,20.3,99,23.8,0.0,3.5,62,17.1,16.8,523.0,474,9.8,4.1,75.0,41,2026-09-06,5,6,Sunday,9
2026-09-06 06:00:00,20.7,98,24.1,0.2,4.5,92,14.9,14.6,479.0,465,8.5,3.9,82.0,39,2026-09-06,6,6,Sunday,9
2026-09-06 07:00:00,21.5,94,25.0,0.2,3.9,114,12.3,12.0,423.0,451,6.8,3.6,91.0,36,2026-09-06,7,6,Sunday,9
2026-09-06 08:00:00,22.9,87,26.5,0.1,3.5,105,12.1,11.8,376.0,440,5.2,3.3,99.0,40,2026-09-06,8,6,Sunday,9
2026-09-06 09:00:00,24.7,80,28.7,0.1,2.4,117,9.8,9.5,343.0,436,3.9,2.9,104.0,44,2026-09-06,9,6,Sunday,9
2026-09-06 10:00:00,26.2,71,30.6,0.3,2.0,95,10.3,9.9,319.0,436,2.8,2.5,108.0,48,2026-09-06,10,6,Sunday,9
2026-09-06 11:00:00,26.3,69,29.9,8.0,2.3,302,11.1,10.6,308.0,436,2.2,2.2,110.0,50,2026-09-06,11,6,Sunday,9
2026-09-06 12:00:00,22.6,87,26.1,8.9,4.2,250,13.6,13.0,309.0,436,2.4,2.2,108.0,48,2026-09-06,12,6,Sunday,9
2026-09-06 13:00:00,23.1,90,27.4,1.7,2.4,318,15.5,15.0,323.0,436,3.1,2.3,103.0,43,2026-09-06,13,6,Sunday,9
2026-09-06 14:00:00,23.1,90,27.0,1.3,4.6,324,14.6,14.1,361.0,436,3.9,2.5,99.0,40,2026-09-06,14,6,Sunday,9
2026-09-06 15:00:00,22.6,89,26.4,4.0,3.1,40,14.7,14.3,435.0,436,4.6,2.7,99.0,40,2026-09-06,15,6,Sunday,9
2026-09-06 16:00:00,22.4,88,26.0,1.0,3.8,73,13.5,13.1,533.0,436,5.5,3.0,101.0,41,2026-09-06,16,6,Sunday,9
2026-09-06 17:00:00,21.6,93,25.1,0.5,4.4,19,26.1,25.0,627.0,438,6.6,3.0,97.0,46,2026-09-06,17,6,Sunday,9
2026-09-06 18:00:00,21.0,98,24.4,0.1,5.2,61,33.1,32.0,710.0,443,9.7,3.5,90.0,50,2026-09-06,18,6,Sunday,9
2026-09-06 19:00:00,20.8,98,24.6,0.0,3.0,142,33.6,32.7,790.0,451,14.1,4.2,80.0,50,2026-09-06,19,6,Sunday,9
2026-09-06 20:00:00,20.6,100,24.5,0.0,1.9,151,36.7,35.7,865.0,457,17.9,4.9,71.0,52,2026-09-06,20,6,Sunday,9
2026-09-06 21:00:00,20.4,100,24.1,0.0,2.6,124,41.2,40.3,956.0,462,21.0,5.7,64.0,54,2026-09-06,21,6,Sunday,9
2026-09-06 22:00:00,20.4,100,23.9,0.0,3.6,108,45.8,44.7,1042.0,466,23.5,6.6,59.0,57,2026-09-06,22,6,Sunday,9
2026-09-06 23:00:00,21.1,99,25.1,0.0,2.7,138,47.5,46.4,1053.0,468,23.7,7.0,58.0,58,2026-09-06,23,6,Sunday,9
2026-09-07 00:00:00,20.4,98,24.0,0.4,1.7,122,41.8,40.7,926.0,466,19.7,6.6,66.0,55,2026-09-07,0,7,Monday,9
2026-09-07 01:00:00,20.0,98,23.1,1.1,3.8,121,34.1,32.9,724.0,463,13.4,5.7,79.0,50,2026-09-07,1,7,Monday,9
2026-09-07 02:00:00,19.9,99,23.1,0.2,4.0,111,32.4,31.2,570.0,461,8.8,5.2,88.0,49,2026-09-07,2,7,Monday,9
2026-09-07 03:00:00,19.6,99,22.8,0.1,3.1,135,32.5,31.3,516.0,465,7.9,5.4,89.0,49,2026-09-07,3,7,Monday,9
2026-09-07 04:00:00,19.4,99,22.6,0.0,3.0,147,33.1,31.9,509.0,470,8.7,5.9,87.0,50,2026-09-07,4,7,Monday,9
2026-09-07 05:00:00,20.5,99,23.9,0.0,4.0,90,37.1,36.1,512.0,471,12.8,5.3,78.0,52,2026-09-07,5,7,Monday,9
2026-09-07 06:00:00,20.9,98,24.5,0.0,3.8,135,35.0,33.9,525.0,462,10.8,5.3,86.0,51,2026-09-07,6,7,Monday,9
2026-09-07 07:00:00,21.8,95,25.8,0.0,2.3,135,28.2,27.3,549.0,449,7.9,5.3,96.0,47,2026-09-07,7,7,Monday,9
2026-09-07 08:00:00,23.3,88,27.6,0.1,1.5,30,21.0,20.2,549.0,439,5.5,5.1,106.0,46,2026-09-07,8,7,Monday,9
2026-09-07 09:00:00,24.7,79,28.9,0.1,2.6,78,20.0,19.2,496.0,436,3.8,4.4,114.0,54,2026-09-07,9,7,Monday,9
2026-09-07 10:00:00,26.5,73,31.8,0.1,1.0,45,21.5,20.5,418.0,437,2.5,3.6,120.0,60,2026-09-07,10,7,Monday,9
2026-09-07 11:00:00,26.5,69,31.0,0.1,3.8,335,19.8,19.0,368.0,437,1.8,2.9,123.0,62,2026-09-07,11,7,Monday,9
2026-09-07 12:00:00,23.8,82,28.0,3.8,6.4,260,18.3,17.6,355.0,436,1.9,2.6,121.0,61,2026-09-07,12,7,Monday,9
2026-09-07 13:00:00,23.2,87,27.2,2.5,2.7,278,19.9,19.3,369.0,435,2.6,2.6,116.0,56,2026-09-07,13,7,Monday,9
2026-09-07 14:00:00,22.6,90,26.4,0.8,3.7,309,19.6,18.8,429.0,435,3.6,2.7,112.0,52,2026-09-07,14,7,Monday,9
2026-09-07 15:00:00,22.1,92,25.7,1.5,4.6,324,19.2,18.5,558.0,435,4.3,2.8,110.0,50,2026-09-07,15,7,Monday,9
2026-09-07 16:00:00,22.3,91,26.2,0.2,2.9,338,16.9,16.4,733.0,435,5.3,3.0,109.0,49,2026-09-07,16,7,Monday,9
2026-09-07 17:00:00,22.2,93,25.9,0.1,4.9,327,16.4,15.9,901.0,437,5.9,3.2,108.0,48,2026-09-07,17,7,Monday,9
2026-09-07 18:00:00,21.5,97,25.7,0.0,1.5,300,23.2,22.6,1042.0,442,8.2,3.8,103.0,44,2026-09-07,18,7,Monday,9
2026-09-07 19:00:00,21.2,99,25.4,0.0,1.3,106,26.5,26.0,1177.0,450,11.4,4.7,96.0,46,2026-09-07,19,7,Monday,9
2026-09-07 20:00:00,21.0,100,25.1,0.0,1.6,180,26.4,25.8,1316.0,457,13.9,5.4,90.0,46,2026-09-07,20,7,Monday,9
2026-09-07 21:00:00,20.8,100,24.5,0.0,3.4,137,25.3,24.7,1510.0,465,15.3,5.9,84.0,46,2026-09-07,21,7,Monday,9
2026-09-07 22:00:00,20.4,100,23.9,0.0,4.0,153,27.8,27.2,1709.0,472,16.1,6.2,78.0,47,2026-09-07,22,7,Monday,9
2026-09-07 23:00:00,21.1,98,25.1,0.0,2.1,160,29.7,29.2,1773.0,478,15.9,6.4,76.0,48,2026-09-07,23,7,Monday,9
2026-09-08 00:00:00,20.4,100,24.1,0.0,3.0,166,25.6,25.0,1586.0,480,13.9,6.2,80.0,46,2026-09-08,0,8,Tuesday,9
2026-09-08 01:00:00,20.0,98,23.4,0.3,2.5,159,23.6,23.0,1264.0,480,10.8,5.9,87.0,45,2026-09-08,1,8,Tuesday,9
2026-09-08 02:00:00,20.1,99,23.5,0.3,3.6,162,24.1,23.6,1010.0,481,8.8,5.7,91.0,45,2026-09-08,2,8,Tuesday,9
2026-09-08 03:00:00,19.9,100,23.3,0.1,3.2,183,21.7,21.2,922.0,489,9.2,5.9,88.0,44,2026-09-08,3,8,Tuesday,9
2026-09-08 04:00:00,20.1,99,23.8,0.2,1.1,99,21.4,20.8,903.0,498,10.6,6.2,81.0,43,2026-09-08,4,8,Tuesday,9
2026-09-08 05:00:00,20.2,99,23.7,0.0,2.6,106,21.3,20.7,863.0,499,6.5,5.4,99.0,43,2026-09-08,5,8,Tuesday,9
2026-09-08 06:00:00,20.6,96,24.0,0.2,3.8,90,24.5,23.9,760.0,483,6.2,5.7,106.0,46,2026-09-08,6,8,Tuesday,9
2026-09-08 07:00:00,21.8,90,25.1,0.0,3.9,133,21.7,21.1,636.0,458,5.8,6.0,117.0,57,2026-09-08,7,8,Tuesday,9
2026-09-08 08:00:00,23.9,78,27.2,0.0,4.0,150,19.6,18.9,531.0,439,5.1,6.1,125.0,63,2026-09-08,8,8,Tuesday,9
2026-09-08 09:00:00,25.4,72,29.0,0.1,2.3,108,18.3,17.5,457.0,434,3.8,5.6,130.0,65,2026-09-08,9,8,Tuesday,9
2026-09-08 10:00:00,26.9,69,32.0,0.1,2.5,69,18.0,17.1,402.0,435,2.3,4.7,134.0,67,2026-09-08,10,8,Tuesday,9
2026-09-08 11:00:00,27.3,67,32.7,0.0,3.6,319,18.6,17.5,370.0,436,1.4,4.0,134.0,67,2026-09-08,11,8,Tuesday,9
2026-09-08 12:00:00,23.4,85,27.7,4.9,4.8,292,18.0,17.0,350.0,436,1.2,3.6,130.0,65,2026-09-08,12,8,Tuesday,9
2026-09-08 13:00:00,23.9,82,27.9,2.8,1.8,276,17.8,16.8,354.0,436,1.6,3.2,122.0,61,2026-09-08,13,8,Tuesday,9
2026-09-08 14:00:00,23.7,86,27.6,0.3,4.5,5,17.9,17.1,420.0,436,2.8,3.1,114.0,54,2026-09-08,14,8,Tuesday,9
2026-09-08 15:00:00,24.1,85,28.3,0.1,3.1,7,17.8,17.0,608.0,435,5.4,3.1,106.0,46,2026-09-08,15,8,Tuesday,9
2026-09-08 16:00:00,23.4,83,27.1,0.6,3.1,332,19.3,18.6,859.0,435,9.0,3.3,98.0,42,2026-09-08,16,8,Tuesday,9
2026-09-08 17:00:00,23.1,84,26.4,0.5,5.4,318,13.3,13.0,1035.0,436,7.0,3.7,106.0,46,2026-09-08,17,8,Tuesday,9
2026-09-08 18:00:00,21.3,96,25.2,1.2,1.7,198,21.2,20.8,1047.0,440,14.0,4.8,95.0,43,2026-09-08,18,8,Tuesday,9
2026-09-08 19:00:00,21.1,99,25.2,0.4,2.3,141,28.4,28.1,984.0,446,23.5,6.4,80.0,47,2026-09-08,19,8,Tuesday,9
2026-09-08 20:00:00,21.2,99,25.2,0.1,2.7,94,33.2,32.8,978.0,452,30.0,7.6,69.0,50,2026-09-08,20,8,Tuesday,9
2026-09-08 21:00:00,21.1,99,25.3,0.1,1.0,149,31.8,31.4,1129.0,456,30.6,8.3,64.0,49,2026-09-08,21,8,Tuesday,9
2026-09-08 22:00:00,20.9,99,24.8,0.0,3.1,135,31.8,31.4,1336.0,461,28.1,8.6,63.0,49,2026-09-08,22,8,Tuesday,9
2026-09-08 23:00:00,21.5,99,25.7,0.0,3.1,100,33.1,32.6,1433.0,464,25.1,8.6,64.0,50,2026-09-08,23,8,Tuesday,9
2026-09-09 00:00:00,21.1,100,25.3,0.0,1.5,126,34.1,33.8,1314.0,467,22.0,7.9,68.0,51,2026-09-09,0,9,Wednesday,9
2026-09-09 01:00:00,20.8,100,25.0,0.0,0.6,146,29.2,28.8,1084.0,470,18.4,6.8,74.0,48,2026-09-09,1,9,Wednesday,9
2026-09-09 02:00:00,20.5,100,24.6,0.0,0.2,180,26.9,26.5,893.0,471,16.3,6.2,77.0,47,2026-09-09,2,9,Wednesday,9
2026-09-09 03:00:00,20.4,99,24.3,0.0,0.9,90,27.1,26.7,798.0,471,17.3,6.5,73.0,47,2026-09-09,3,9,Wednesday,9
2026-09-09 04:00:00,20.0,100,23.7,0.0,1.6,117,27.8,27.5,741.0,471,19.8,7.2,67.0,47,2026-09-09,4,9,Wednesday,9
2026-09-09 05:00:00,20.2,100,23.7,0.0,3.5,156,31.9,31.4,697.0,467,14.4,8.0,76.0,49,2026-09-09,5,9,Wednesday,9
2026-09-09 06:00:00,20.7,98,24.5,0.0,2.2,90,40.3,39.9,668.0,458,12.7,7.4,84.0,54,2026-09-09,6,9,Wednesday,9
2026-09-09 07:00:00,22.0,91,25.8,0.0,1.5,104,28.9,28.5,653.0,446,10.2,6.5,95.0,48,2026-09-09,7,9,Wednesday,9
2026-09-09 08:00:00,23.8,82,27.6,0.0,1.6,96,24.3,24.0,621.0,437,8.1,5.7,105.0,45,2026-09-09,8,9,Wednesday,9
2026-09-09 09:00:00,25.5,74,29.4,0.0,1.8,96,21.8,21.6,548.0,435,6.7,5.0,112.0,52,2026-09-09,9,9,Wednesday,9
2026-09-09 10:00:00,27.1,67,31.8,0.0,3.1,121,19.4,19.2,460.0,436,5.7,4.4,117.0,57,2026-09-09,10,9,Wednesday,9
2026-09-09 11:00:00,27.0,65,31.2,0.4,1.1,180,18.6,18.5,401.0,437,4.8,3.9,121.0,61,2026-09-09,11,9,Wednesday,9
2026-09-09 12:00:00,23.0,85,26.6,5.2,4.6,239,15.7,15.5,380.0,437,3.6,3.3,124.0,62,2026-09-09,12,9,Wednesday,9
2026-09-09 13:00:00,23.1,87,27.0,2.5,2.6,254,13.5,13.4,390.0,437,2.5,2.9,126.0,63,2026-09-09,13,9,Wednesday,9
2026-09-09 14:00:00,23.1,91,27.1,0.8,4.6,324,12.0,11.8,451.0,437,2.8,2.6,125.0,63,2026-09-09,14,9,Wednesday,9
2026-09-09 15:00:00,22.4,90,26.0,4.1,4.6,321,12.9,12.7,554.0,436,4.8,2.6,119.0,59,2026-09-09,15,9,Wednesday,9
2026-09-09 16:00:00,21.8,91,25.2,2.0,4.3,338,14.0,13.8,709.0,436,8.3,2.9,110.0,50,2026-09-09,16,9,Wednesday,9
2026-09-09 17:00:00,21.9,93,26.1,0.8,0.7,256,13.9,13.8,965.0,439,11.5,3.5,105.0,45,2026-09-09,17,9,Wednesday,9
2026-09-09 18:00:00,21.4,98,25.6,2.2,1.8,186,21.9,21.9,1431.0,448,21.8,4.9,90.0,44,2026-09-09,18,9,Wednesday,9
2026-09-09 19:00:00,21.2,98,25.0,1.4,4.3,158,31.8,31.7,1997.0,460,36.0,6.8,69.0,50,2026-09-09,19,9,Wednesday,9
2026-09-09 20:00:00,21.1,99,24.9,0.2,4.3,147,41.3,41.2,2387.0,471,46.8,8.5,52.0,55,2026-09-09,20,9,Wednesday,9
2026-09-09 21:00:00,21.0,100,24.9,0.1,3.9,152,48.1,47.8,2463.0,477,51.6,9.6,43.0,59,2026-09-09,21,9,Wednesday,9
2026-09-09 22:00:00,21.0,100,25.0,0.1,3.2,177,52.5,52.0,2363.0,482,53.0,10.4,38.0,61,2026-09-09,22,9,Wednesday,9
2026-09-09 23:00:00,21.2,100,25.5,0.0,1.3,214,53.1,52.4,2220.0,487,51.7,10.9,37.0,61,2026-09-09,23,9,Wednesday,9
2026-09-10 00:00:00,20.9,100,24.9,0.2,2.1,160,49.1,48.5,2072.0,494,46.7,10.9,40.0,59,2026-09-10,0,10,Thursday,9
2026-09-10 01:00:00,20.7,98,24.2,1.9,3.8,155,44.1,44.0,1882.0,501,39.1,10.5,47.0,57,2026-09-10,1,10,Thursday,9
2026-09-10 02:00:00,20.6,99,24.2,0.7,3.7,137,42.6,42.4,1675.0,505,32.6,10.4,53.0,56,2026-09-10,2,10,Thursday,9
2026-09-10 03:00:00,20.4,100,24.0,0.2,3.2,146,41.8,41.6,1435.0,505,29.3,10.8,55.0,55,2026-09-10,3,10,Thursday,9
2026-09-10 04:00:00,20.4,100,24.0,0.1,2.7,143,39.5,39.2,1177.0,503,27.2,11.5,57.0,54,2026-09-10,4,10,Thursday,9
2026-09-10 05:00:00,20.5,99,24.1,0.0,3.9,143,50.4,50.1,975.0,495,35.7,11.2,41.0,60,2026-09-10,5,10,Thursday,9
2026-09-10 06:00:00,20.7,99,24.5,0.5,2.8,105,56.0,55.6,874.0,479,27.3,11.0,71.0,63,2026-09-10,6,10,Thursday,9
2026-09-10 07:00:00,21.7,93,25.6,0.0,2.4,132,33.9,33.6,828.0,458,15.7,10.7,113.0,53,2026-09-10,7,10,Thursday,9
2026-09-10 08:00:00,23.4,85,27.6,0.0,0.4,27,20.0,19.9,772.0,442,6.8,9.9,143.0,72,2026-09-10,8,10,Thursday,9
2026-09-10 09:00:00,25.1,78,29.3,0.0,3.0,346,15.0,14.8,668.0,437,3.0,8.2,152.0,76,2026-09-10,9,10,Thursday,9
2026-09-10 10:00:00,26.6,74,32.1,0.0,3.2,341,14.9,14.6,553.0,437,1.9,5.9,150.0,75,2026-09-10,10,10,Thursday,9
2026-09-10 11:00:00,25.0,77,30.1,0.1,6.1,293,15.8,15.2,473.0,438,1.6,4.2,145.0,73,2026-09-10,11,10,Thursday,9
2026-09-10 12:00:00,24.6,76,28.8,1.9,4.8,301,15.7,15.1,432.0,437,1.5,3.4,137.0,69,2026-09-10,12,10,Thursday,9
2026-09-10 13:00:00,24.8,76,28.7,1.1,6.2,322,16.0,15.4,425.0,436,2.2,3.1,125.0,63,2026-09-10,13,10,Thursday,9
2026-09-10 14:00:00,24.2,75,27.5,1.1,3.1,306,18.1,17.6,484.0,435,3.6,3.1,115.0,55,2026-09-10,14,10,Thursday,9
2026-09-10 15:00:00,23.4,85,27.0,3.2,4.1,257,19.4,18.9,672.0,435,5.2,3.2,111.0,51,2026-09-10,15,10,Thursday,9
2026-09-10 16:00:00,23.6,85,27.6,0.4,2.3,309,19.6,19.2,926.0,436,7.4,3.6,110.0,50,2026-09-10,16,10,Thursday,9
2026-09-10 17:00:00,22.7,94,27.2,0.0,1.8,323,17.2,16.9,1082.0,437,12.1,4.1,101.0,41,2026-09-10,17,10,Thursday,9
2026-09-10 18:00:00,21.9,99,26.4,0.0,2.2,180,29.5,29.2,1037.0,439,21.6,5.6,88.0,48,2026-09-10,18,10,Thursday,9
2026-09-10 19:00:00,20.1,100,23.2,3.2,6.2,163,38.5,38.2,895.0,442,34.5,7.7,69.0,53,2026-09-10,19,10,Thursday,9
2026-09-10 20:00:00,20.3,100,23.5,2.0,5.6,159,45.2,44.8,799.0,445,42.8,9.2,56.0,57,2026-09-10,20,10,Thursday,9
2026-09-10 21:00:00,19.9,98,23.0,2.1,3.6,153,50.1,49.7,825.0,449,42.3,9.8,53.0,60,2026-09-10,21,10,Thursday,9
2026-09-10 22:00:00,19.9,99,22.7,0.7,6.7,166,47.5,47.3,898.0,454,37.2,9.8,56.0,58,2026-09-10,22,10,Thursday,9
2026-09-10 23:00:00,20.3,100,23.6,0.4,4.9,163,40.9,40.6,933.0,460,31.9,9.7,59.0,55,2026-09-10,23,10,Thursday,9
2026-09-11 00:00:00,19.7,100,22.7,0.1,5.0,178,31.0,30.7,882.0,466,27.2,9.4,61.0,49,2026-09-11,0,11,Friday,9
2026-09-11 01:00:00,19.3,100,22.0,0.0,5.8,180,29.6,29.3,792.0,473,22.4,8.8,64.0,48,2026-09-11,1,11,Friday,9
2026-09-11 02:00:00,18.8,99,21.4,0.0,4.6,167,30.6,30.4,724.0,479,19.6,8.5,64.0,49,2026-09-11,2,11,Friday,9
2026-09-11 03:00:00,18.3,100,20.8,0.0,3.8,155,32.8,32.6,706.0,487,21.3,8.6,56.0,50,2026-09-11,3,11,Friday,9
2026-09-11 04:00:00,18.1,100,20.3,0.0,5.2,155,35.4,35.2,710.0,495,25.1,8.9,45.0,52,2026-09-11,4,11,Friday,9
2026-09-11 05:00:00,20.0,98,23.1,0.0,4.8,115,27.2,26.5,710.0,494,25.4,10.0,49.0,47,2026-09-11,5,11,Friday,9
2026-09-11 06:00:00,20.2,98,23.2,0.0,5.5,136,34.3,33.2,704.0,478,20.1,10.1,76.0,50,2026-09-11,6,11,Friday,9
2026-09-11 07:00:00,21.4,93,24.7,0.0,4.4,145,22.2,21.7,694.0,454,12.7,10.1,113.0,53,2026-09-11,7,11,Friday,9
2026-09-11 08:00:00,23.5,82,27.1,0.0,3.1,97,10.7,10.7,659.0,436,6.8,9.4,139.0,70,2026-09-11,8,11,Friday,9
2026-09-11 09:00:00,25.5,72,29.4,0.0,2.7,70,6.6,6.6,572.0,431,4.0,7.5,142.0,71,2026-09-11,9,11,Friday,9
2026-09-11 10:00:00,27.1,66,32.0,0.0,2.3,32,5.2,5.2,460.0,432,2.7,4.9,133.0,67,2026-09-11,10,11,Friday,9
2026-09-11 11:00:00,27.9,58,33.2,0.0,1.2,63,4.8,4.8,379.0,433,2.0,3.0,126.0,63,2026-09-11,11,11,Friday,9
2026-09-11 12:00:00,24.4,77,27.7,1.0,4.6,259,4.7,4.7,335.0,432,1.4,2.4,127.0,64,2026-09-11,12,11,Friday,9
2026-09-11 13:00:00,24.5,79,28.8,3.3,4.3,315,4.7,4.7,322.0,432,1.3,2.4,131.0,66,2026-09-11,13,11,Friday,9
2026-09-11 14:00:00,23.0,86,26.4,2.7,5.0,330,4.8,4.8,374.0,432,1.8,2.5,131.0,66,2026-09-11,14,11,Friday,9
2026-09-11 15:00:00,23.3,85,26.7,0.9,5.1,318,4.7,4.7,476.0,430,2.8,2.4,125.0,63,2026-09-11,15,11,Friday,9
2026-09-11 16:00:00,23.4,83,26.8,0.0,4.3,312,5.5,5.5,643.0,429,4.3,2.4,116.0,56,2026-09-11,16,11,Friday,9
2026-09-11 17:00:00,23.9,77,27.1,0.0,3.7,293,13.2,13.0,961.0,432,9.2,3.0,95.0,38,2026-09-11,17,11,Friday,9
2026-09-11 18:00:00,22.6,89,26.7,0.0,1.3,180,22.8,22.7,1635.0,444,12.2,3.6,89.0,44,2026-09-11,18,11,Friday,9
2026-09-11 19:00:00,21.7,96,26.0,0.0,1.5,187,24.6,24.5,2460.0,460,16.3,4.4,81.0,45,2026-09-11,19,11,Friday,9
2026-09-11 20:00:00,21.3,98,25.5,0.0,1.8,180,23.5,23.3,2906.0,471,19.8,5.2,73.0,45,2026-09-11,20,11,Friday,9
2026-09-11 21:00:00,21.1,98,24.8,0.0,3.2,180,27.3,27.2,2643.0,472,22.1,6.0,67.0,47,2026-09-11,21,11,Friday,9
2026-09-11 22:00:00,20.6,99,24.0,0.0,4.7,180,29.8,29.7,2002.0,467,23.8,6.7,63.0,48,2026-09-11,22,11,Friday,9
2026-09-11 23:00:00,21.4,99,25.3,0.0,4.2,170,30.4,30.2,1446.0,465,24.7,7.3,59.0,49,2026-09-11,23,11,Friday,9
2026-09-12 00:00:00,20.4,91,22.5,0.1,8.5,182,31.1,30.9,1134.0,468,24.5,7.6,57.0,49,2026-09-12,0,12,Saturday,9
2026-09-12 01:00:00,19.8,94,22.2,0.3,5.8,175,32.2,31.9,908.0,472,23.4,7.8,55.0,50,2026-09-12,1,12,Saturday,9
2026-09-12 02:00:00,19.1,98,21.3,0.1,7.2,161,32.0,31.7,758.0,478,22.6,8.0,54.0,50,2026-09-12,2,12,Saturday,9
2026-09-12 03:00:00,18.8,100,21.3,0.3,5.3,152,31.3,31.1,711.0,487,23.0,8.4,50.0,49,2026-09-12,3,12,Saturday,9
2026-09-12 04:00:00,18.6,100,21.2,0.0,4.3,147,31.8,31.4,739.0,497,23.7,8.8,47.0,49,2026-09-12,4,12,Saturday,9
2026-09-12 05:00:00,19.8,100,23.2,0.0,3.1,144,34.2,33.9,755.0,498,23.1,8.6,51.0,51,2026-09-12,5,12,Saturday,9
2026-09-12 06:00:00,20.0,100,23.3,0.0,4.5,151,39.7,39.3,728.0,481,17.6,7.5,73.0,54,2026-09-12,6,12,Saturday,9
2026-09-12 07:00:00,22.0,88,25.5,0.0,2.2,132,18.8,18.7,687.0,455,9.9,6.1,102.0,42,2026-09-12,7,12,Saturday,9
2026-09-12 08:00:00,23.7,80,27.4,0.0,1.3,56,11.4,11.4,633.0,435,4.1,4.7,124.0,62,2026-09-12,8,12,Saturday,9
2026-09-12 09:00:00,25.2,74,28.9,0.0,1.9,61,9.1,9.1,554.0,429,1.9,3.6,130.0,65,2026-09-12,9,12,Saturday,9
2026-09-12 10:00:00,26.8,66,31.8,0.0,1.3,45,8.2,8.1,462.0,429,1.5,2.7,129.0,65,2026-09-12,10,12,Saturday,9
2026-09-12 11:00:00,26.8,67,32.2,0.1,2.0,315,7.7,7.7,392.0,430,1.4,2.0,126.0,63,2026-09-12,11,12,Saturday,9
2026-09-12 12:00:00,26.3,70,31.6,0.4,2.8,252,7.3,7.3,343.0,429,1.0,1.6,124.0,62,2026-09-12,12,12,Saturday,9
2026-09-12 13:00:00,25.5,75,30.2,0.2,4.0,280,6.8,6.7,317.0,430,0.9,1.4,120.0,60,2026-09-12,13,12,Saturday,9
2026-09-12 14:00:00,24.6,82,28.8,0.2,3.9,286,6.8,6.8,355.0,430,1.8,1.4,115.0,55,2026-09-12,14,12,Saturday,9
2026-09-12 15:00:00,23.9,86,28.1,0.2,3.1,270,8.1,8.0,492.0,430,4.3,1.6,110.0,50,2026-09-12,15,12,Saturday,9
2026-09-12 16:00:00,22.7,88,26.8,0.5,0.6,214,9.4,9.3,694.0,431,7.8,1.9,104.0,44,2026-09-12,16,12,Saturday,9
2026-09-12 17:00:00,21.8,91,25.5,2.0,2.7,28,11.5,11.3,900.0,434,11.3,2.6,95.0,38,2026-09-12,17,12,Saturday,9
2026-09-12 18:00:00,20.9,100,25.2,1.6,0.4,360,20.5,20.4,1143.0,440,13.6,3.1,88.0,43,2026-09-12,18,12,Saturday,9
2026-09-12 19:00:00,20.6,100,24.1,0.3,4.8,149,26.7,26.7,1390.0,448,16.7,3.8,78.0,47,2026-09-12,19,12,Saturday,9
2026-09-12 20:00:00,20.6,99,24.0,0.2,5.1,122,22.2,22.1,1489.0,453,18.5,4.3,71.0,44,2026-09-12,20,12,Saturday,9
2026-09-12 21:00:00,20.3,100,23.6,0.0,5.2,136,17.2,17.1,1325.0,454,17.7,4.3,71.0,41,2026-09-12,21,12,Saturday,9
2026-09-12 22:00:00,20.1,100,23.2,0.0,5.2,139,17.8,17.7,1012.0,453,15.7,4.2,74.0,42,2026-09-12,22,12,Saturday,9
2026-09-12 23:00:00,20.8,99,24.2,0.0,5.8,146,18.8,18.7,736.0,452,14.3,4.2,75.0,42,2026-09-12,23,12,Saturday,9
2026-09-13 00:00:00,20.0,100,23.2,1.1,5.0,154,20.6,20.5,550.0,451,14.4,4.5,73.0,43,2026-09-13,0,13,Sunday,9
2026-09-13 01:00:00,19.8,100,23.2,0.9,2.2,185,22.4,22.2,402.0,450,15.1,5.0,69.0,44,2026-09-13,1,13,Sunday,9
2026-09-13 02:00:00,19.6,100,22.8,0.5,3.3,151,23.4,23.3,316.0,451,15.8,5.5,66.0,45,2026-09-13,2,13,Sunday,9
2026-09-13 03:00:00,19.5,100,22.6,0.2,3.3,139,24.7,24.6,325.0,458,17.0,6.1,62.0,45,2026-09-13,3,13,Sunday,9
2026-09-13 04:00:00,19.7,100,22.9,0.1,3.8,131,26.3,26.1,397.0,468,18.2,6.7,58.0,46,2026-09-13,4,13,Sunday,9
2026-09-13 05:00:00,20.3,98,23.8,0.1,3.0,155,23.7,23.7,460.0,472,15.0,6.4,61.0,45,2026-09-13,5,13,Sunday,9
2026-09-13 06:00:00,20.2,99,23.6,0.0,3.9,143,24.7,24.6,500.0,464,11.9,5.6,75.0,45,2026-09-13,6,13,Sunday,9
2026-09-13 07:00:00,21.1,96,24.6,0.0,4.5,133,19.7,19.5,531.0,451,7.5,4.5,93.0,43,2026-09-13,7,13,Sunday,9
2026-09-13 08:00:00,22.0,89,25.2,0.0,4.7,118,16.1,15.7,527.0,440,4.1,3.6,106.0,46,2026-09-13,8,13,Sunday,9
2026-09-13 09:00:00,23.3,83,26.6,0.0,4.9,88,12.3,11.9,457.0,436,2.5,2.9,108.0,48,2026-09-13,9,13,Sunday,9
2026-09-13 10:00:00,25.3,74,29.8,0.0,3.5,75,9.0,8.6,352.0,436,1.8,2.4,105.0,45,2026-09-13,10,13,Sunday,9
2026-09-13 11:00:00,25.2,75,30.1,0.0,4.5,344,7.5,7.0,276.0,436,1.6,2.0,101.0,41,2026-09-13,11,13,Sunday,9
2026-09-13 12:00:00,26.8,70,32.7,0.8,2.3,288,7.2,6.6,250.0,435,1.7,1.9,97.0,39,2026-09-13,12,13,Sunday,9
2026-09-13 13:00:00,25.4,75,30.1,1.2,4.5,217,7.1,6.4,254.0,435,2.3,2.0,92.0,36,2026-09-13,13,13,Sunday,9
2026-09-13 14:00:00,22.0,89,25.8,7.7,1.1,288,8.8,8.2,293.0,435,3.4,2.2,87.0,34,2026-09-13,14,13,Sunday,9
2026-09-13 15:00:00,21.9,93,25.8,2.2,2.3,18,10.7,10.0,386.0,435,4.9,2.4,82.0,31,2026-09-13,15,13,Sunday,9
2026-09-13 16:00:00,22.0,92,25.6,0.9,3.8,19,11.2,10.5,513.0,436,6.9,2.6,78.0,31,2026-09-13,16,13,Sunday,9
2026-09-13 17:00:00,21.1,94,24.6,0.7,3.6,288,11.1,10.4,621.0,438,7.0,3.0,81.0,31,2026-09-13,17,13,Sunday,9
2026-09-13 18:00:00,20.7,97,24.3,0.4,2.9,11,16.6,15.9,692.0,444,11.6,3.8,72.0,41,2026-09-13,18,13,Sunday,9
2026-09-13 19:00:00,20.6,98,24.4,0.1,1.5,83,22.6,22.0,745.0,452,17.9,4.9,60.0,44,2026-09-13,19,13,Sunday,9
2026-09-13 20:00:00,20.6,98,24.1,0.0,3.1,100,27.2,26.5,781.0,459,22.2,5.8,52.0,47,2026-09-13,20,13,Sunday,9
2026-09-13 21:00:00,20.4,94,23.4,0.2,4.4,117,27.9,27.2,800.0,463,22.6,6.1,52.0,47,2026-09-13,21,13,Sunday,9
2026-09-13 22:00:00,20.1,98,23.5,0.8,2.1,20,25.5,24.8,802.0,465,20.9,6.2,56.0,46,2026-09-13,22,13,Sunday,9
2026-09-13 23:00:00,20.3,91,23.2,0.4,2.8,345,25.8,25.1,788.0,468,19.6,6.3,58.0,46,2026-09-13,23,13,Sunday,9
2026-09-14 00:00:00,20.1,94,23.3,1.3,1.8,135,26.4,25.7,754.0,473,19.4,6.3,57.0,46,2026-09-14,0,14,Monday,9
2026-09-14 01:00:00,20.0,97,23.5,0.5,1.5,150,27.0,26.3,703.0,478,19.5,6.3,54.0,46,2026-09-14,1,14,Monday,9
2026-09-14 02:00:00,20.0,93,23.1,0.3,1.1,342,27.0,26.3,646.0,481,19.4,6.5,52.0,46,2026-09-14,2,14,Monday,9
2026-09-14 03:00:00,19.8,97,23.1,0.3,1.7,108,27.7,27.0,574.0,480,19.5,7.0,50.0,47,2026-09-14,3,14,Monday,9
2026-09-14 04:00:00,19.7,99,23.0,0.4,2.3,108,27.7,27.0,496.0,476,19.5,7.7,48.0,47,2026-09-14,4,14,Monday,9
2026-09-14 05:00:00,19.9,98,23.2,0.4,2.8,50,21.9,21.2,453.0,470,13.3,6.7,55.0,44,2026-09-14,5,14,Monday,9
2026-09-14 06:00:00,19.8,99,23.2,0.2,2.7,86,26.1,25.4,482.0,462,11.0,7.1,69.0,46,2026-09-14,6,14,Monday,9
2026-09-14 07:00:00,20.3,97,23.7,0.0,2.5,120,20.3,19.7,546.0,452,7.8,7.6,89.0,43,2026-09-14,7,14,Monday,9
2026-09-14 08:00:00,21.9,87,25.2,0.0,3.2,124,15.3,14.6,572.0,444,5.1,7.5,104.0,44,2026-09-14,8,14,Monday,9
2026-09-14 09:00:00,24.0,76,27.1,0.0,3.6,123,13.7,13.0,514.0,441,3.5,6.4,110.0,50,2026-09-14,9,14,Monday,9
2026-09-14 10:00:00,25.7,71,30.5,0.0,1.3,124,14.6,13.6,419.0,441,2.4,4.8,110.0,50,2026-09-14,10,14,Monday,9
2026-09-14 11:00:00,25.1,70,30.0,0.0,2.5,291,13.0,12.1,353.0,440,1.8,3.6,110.0,50,2026-09-14,11,14,Monday,9
2026-09-14 12:00:00,23.5,80,26.9,1.9,6.7,268,13.4,12.6,327.0,438,1.7,3.3,109.0,49,2026-09-14,12,14,Monday,9
2026-09-14 13:00:00,23.4,80,27.1,1.6,5.0,251,13.4,12.6,329.0,436,2.2,3.5,107.0,47,2026-09-14,13,14,Monday,9
2026-09-14 14:00:00,24.4,75,27.7,0.2,2.2,312,13.6,13.0,396.0,435,3.2,3.7,104.0,44,2026-09-14,14,14,Monday,9
2026-09-14 15:00:00,21.6,86,24.3,1.4,5.7,319,13.7,13.2,575.0,435,4.3,3.7,102.0,42,2026-09-14,15,14,Monday,9
2026-09-14 16:00:00,21.0,95,24.3,1.9,3.9,292,15.5,15.0,819.0,436,5.9,3.8,99.0,40,2026-09-14,16,14,Monday,9
2026-09-14 17:00:00,21.0,93,24.5,0.8,2.4,283,17.3,16.7,1016.0,439,7.7,4.3,98.0,41,2026-09-14,17,14,Monday,9
2026-09-14 18:00:00,20.0,96,23.0,0.6,4.3,287,13.2,12.8,1094.0,444,15.3,5.4,85.0,36,2026-09-14,18,14,Monday,9
2026-09-14 19:00:00,19.6,100,23.2,0.2,0.0,270,21.5,21.1,1126.0,450,25.8,7.0,67.0,43,2026-09-14,19,14,Monday,9
2026-09-14 20:00:00,19.6,99,22.9,0.0,2.0,170,31.2,30.7,1222.0,458,34.2,8.4,53.0,49,2026-09-14,20,14,Monday,9
2026-09-14 21:00:00,19.5,99,22.9,0.0,1.4,130,39.3,38.6,1488.0,468,38.7,9.6,46.0,53,2026-09-14,21,14,Monday,9
2026-09-14 22:00:00,19.4,100,22.7,0.0,1.5,135,45.9,45.1,1817.0,480,41.2,10.6,43.0,57,2026-09-14,22,14,Monday,9
2026-09-14 23:00:00,19.7,98,23.0,0.0,2.1,200,47.6,46.8,2005.0,489,42.1,11.4,42.0,58,2026-09-14,23,14,Monday,9
2026-09-15 00:00:00,19.2,99,22.4,0.0,1.7,148,49.7,48.9,1932.0,494,41.1,11.7,41.0,59,2026-09-15,0,15,Tuesday,9
2026-09-15 01:00:00,18.8,100,22.0,0.0,1.0,135,50.9,50.2,1717.0,497,38.6,11.6,42.0,60,2026-09-15,1,15,Tuesday,9
2026-09-15 02:00:00,18.5,100,21.4,0.0,1.9,139,49.1,48.5,1510.0,498,35.9,11.6,44.0,59,2026-09-15,2,15,Tuesday,9
2026-09-15 03:00:00,18.4,100,21.0,0.0,3.7,141,47.0,46.4,1363.0,500,33.9,11.9,44.0,58,2026-09-15,3,15,Tuesday,9
2026-09-15 04:00:00,18.5,98,21.3,0.0,2.1,149,46.7,46.1,1223.0,500,31.7,12.4,45.0,58,2026-09-15,4,15,Tuesday,9
2026-09-15 05:00:00,19.2,98,22.1,0.3,2.7,172,48.8,48.1,1084.0,495,27.9,12.2,52.0,59,2026-09-15,5,15,Tuesday,9
2026-09-15 06:00:00,19.4,99,22.2,0.2,5.0,120,50.4,49.7,936.0,480,21.7,11.3,72.0,60,2026-09-15,6,15,Tuesday,9
2026-09-15 07:00:00,20.7,92,24.1,0.2,1.2,141,28.9,28.3,788.0,459,13.0,9.9,101.0,48,2026-09-15,7,15,Tuesday,9
2026-09-15 08:00:00,21.8,86,25.2,0.6,0.7,90,21.7,21.1,658.0,443,6.3,8.5,122.0,61,2026-09-15,8,15,Tuesday,9
2026-09-15 09:00:00,23.7,80,27.8,0.2,1.8,354,18.5,17.9,552.0,438,3.3,6.9,130.0,65,2026-09-15,9,15,Tuesday,9
2026-09-15 10:00:00,25.3,72,29.8,0.1,4.8,307,19.2,18.7,464.0,438,2.3,5.2,130.0,65,2026-09-15,10,15,Tuesday,9
2026-09-15 11:00:00,25.9,63,28.9,1.3,8.0,310,18.3,17.8,399.0,439,1.8,3.9,129.0,65,2026-09-15,11,15,Tuesday,9
2026-09-15 12:00:00,26.2,61,29.6,0.0,8.7,304,16.6,16.3,352.0,438,1.5,3.4,127.0,64,2026-09-15,12,15,Tuesday,9
2026-09-15 13:00:00,25.8,64,29.1,0.1,7.9,287,15.6,15.3,328.0,437,1.9,3.3,123.0,62,2026-09-15,13,15,Tuesday,9
2026-09-15 14:00:00,25.5,68,28.2,0.3,8.2,299,13.9,13.6,342.0,436,2.9,3.4,119.0,59,2026-09-15,14,15,Tuesday,9
2026-09-15 15:00:00,24.6,71,26.9,0.2,6.9,295,14.2,13.9,374.0,435,4.4,3.5,115.0,55,2026-09-15,15,15,Tuesday,9
2026-09-15 16:00:00,23.0,78,25.5,0.9,5.6,301,13.9,13.6,444.0,435,6.6,3.7,110.0,50,2026-09-15,16,15,Tuesday,9
2026-09-15 17:00:00,21.4,91,24.7,0.2,4.0,321,11.3,11.1,628.0,439,10.5,3.7,90.0,35,2026-09-15,17,15,Tuesday,9
2026-09-15 18:00:00,20.8,95,24.5,0.1,1.7,229,17.9,17.7,1047.0,449,15.4,4.8,84.0,42,2026-09-15,18,15,Tuesday,9
2026-09-15 19:00:00,20.4,99,24.0,0.0,3.2,236,22.8,22.6,1579.0,462,22.1,6.3,75.0,44,2026-09-15,19,15,Tuesday,9
2026-09-15 20:00:00,20.1,99,23.6,0.0,2.8,235,26.9,26.7,1939.0,473,26.5,7.4,69.0,47,2026-09-15,20,15,Tuesday,9
2026-09-15 21:00:00,19.8,100,23.3,0.0,1.8,217,29.3,29.0,1995.0,481,26.4,7.7,69.0,48,2026-09-15,21,15,Tuesday,9
2026-09-15 22:00:00,19.6,99,23.0,0.0,1.7,221,26.1,25.9,1879.0,487,23.9,7.5,72.0,46,2026-09-15,22,15,Tuesday,9
2026-09-15 23:00:00,20.2,96,23.2,0.2,4.5,293,24.4,24.2,1698.0,490,21.9,7.4,73.0,45,2026-09-15,23,15,Tuesday,9
2026-09-16 00:00:00,19.5,99,22.9,0.1,1.1,252,23.5,23.3,1444.0,488,21.2,7.5,71.0,45,2026-09-16,0,16,Wednesday,9
2026-09-16 01:00:00,19.5,98,22.9,0.1,0.4,117,24.6,24.4,1126.0,483,20.9,7.6,69.0,45,2026-09-16,1,16,Wednesday,9
2026-09-16 02:00:00,19.2,98,22.4,0.0,1.4,157,25.1,25.0,873.0,479,21.0,7.8,66.0,46,2026-09-16,2,16,Wednesday,9
2026-09-16 03:00:00,19.0,99,21.9,0.0,3.5,195,26.1,26.0,747.0,479,22.2,8.3,61.0,46,2026-09-16,3,16,Wednesday,9
2026-09-16 04:00:00,18.7,98,21.3,0.0,3.8,191,27.2,27.0,687.0,479,23.7,8.9,56.0,47,2026-09-16,4,16,Wednesday,9
2026-09-16 05:00:00,18.7,99,21.7,0.0,1.2,219,29.2,28.8,640.0,476,16.3,6.8,67.0,48,2026-09-16,5,16,Wednesday,9
2026-09-16 06:00:00,18.9,98,21.9,0.0,2.0,207,38.5,38.2,598.0,466,13.1,6.7,81.0,53,2026-09-16,6,16,Wednesday,9
2026-09-16 07:00:00,20.3,91,23.5,0.0,1.1,288,23.2,22.8,569.0,452,8.7,6.4,101.0,44,2026-09-16,7,16,Wednesday,9
2026-09-16 08:00:00,21.9,83,24.9,0.0,1.9,292,20.4,20.0,530.0,441,5.2,5.9,116.0,56,2026-09-16,8,16,Wednesday,9
2026-09-16 09:00:00,23.3,76,26.1,0.0,3.3,315,17.6,17.1,462.0,437,3.3,4.9,123.0,62,2026-09-16,9,16,Wednesday,9
2026-09-16 10:00:00,24.5,69,27.8,0.2,6.4,308,17.8,17.1,383.0,437,2.3,3.6,125.0,63,2026-09-16,10,16,Wednesday,9
2026-09-16 11:00:00,25.7,58,28.1,0.3,9.8,317,18.5,17.8,326.0,437,1.7,2.7,125.0,63,2026-09-16,11,16,Wednesday,9
2026-09-16 12:00:00,25.2,63,28.1,0.6,9.2,305,19.0,18.2,301.0,436,1.3,2.4,124.0,62,2026-09-16,12,16,Wednesday,9
2026-09-16 13:00:00,25.3,63,27.9,0.3,8.3,292,18.5,17.8,298.0,436,1.3,2.5,121.0,61,2026-09-16,13,16,Wednesday,9
2026-09-16 14:00:00,24.9,65,27.1,0.4,7.6,284,18.3,17.7,317.0,435,2.1,2.6,117.0,57,2026-09-16,14,16,Wednesday,9
2026-09-16 15:00:00,23.2,77,25.5,0.3,6.7,294,18.6,18.0,334.0,434,3.2,2.5,113.0,53,2026-09-16,15,16,Wednesday,9
2026-09-16 16:00:00,21.7,88,24.6,0.1,5.0,308,18.8,18.2,374.0,432,5.1,2.5,108.0,48,2026-09-16,16,16,Wednesday,9
2026-09-16 17:00:00,20.9,91,23.6,0.1,6.1,336,14.2,13.9,508.0,434,7.2,3.4,105.0,45,2026-09-16,17,16,Wednesday,9
2026-09-16 18:00:00,19.7,98,23.1,0.0,1.3,135,19.8,19.5,796.0,441,15.5,4.8,93.0,43,2026-09-16,18,16,Wednesday,9
2026-09-16 19:00:00,19.5,100,22.7,0.0,2.8,165,28.4,28.1,1180.0,450,26.9,6.7,76.0,47,2026-09-16,19,16,Wednesday,9
2026-09-16 20:00:00,19.4,100,22.5,0.0,2.7,180,38.1,37.7,1552.0,461,34.7,8.1,64.0,53,2026-09-16,20,16,Wednesday,9
2026-09-16 21:00:00,19.3,100,22.4,0.0,2.8,198,42.3,41.9,1943.0,474,35.4,8.7,61.0,55,2026-09-16,21,16,Wednesday,9
2026-09-16 22:00:00,19.1,99,22.1,0.0,2.2,194,43.2,42.8,2323.0,487,32.6,8.8,62.0,56,2026-09-16,22,16,Wednesday,9
2026-09-16 23:00:00,20.2,96,23.6,0.0,2.2,279,41.9,41.6,2500.0,497,29.9,8.8,63.0,55,2026-09-16,23,16,Wednesday,9
2026-09-17 00:00:00,19.5,98,22.8,0.0,1.1,180,43.9,43.5,2326.0,500,29.0,8.9,61.0,56,2026-09-17,0,17,Thursday,9
2026-09-17 01:00:00,18.8,100,21.7,0.0,2.6,168,45.5,45.2,1948.0,498,28.3,9.0,58.0,57,2026-09-17,1,17,Thursday,9
2026-09-17 02:00:00,18.2,100,20.8,0.0,2.7,172,46.2,45.9,1619.0,497,26.5,8.8,58.0,58,2026-09-17,2,17,Thursday,9
2026-09-17 03:00:00,17.8,100,20.3,0.0,1.9,163,48.4,48.1,1445.0,500,22.8,8.1,59.0,59,2026-09-17,3,17,Thursday,9
2026-09-17 04:00:00,17.4,100,19.6,0.0,3.1,152,39.8,39.6,1319.0,504,18.2,7.2,63.0,54,2026-09-17,4,17,Thursday,9
2026-09-17 05:00:00,18.9,100,21.6,0.0,3.9,137,40.0,39.8,1175.0,501,25.9,10.8,53.0,54,2026-09-17,5,17,Thursday,9
2026-09-17 06:00:00,19.1,98,22.0,0.0,3.3,158,53.2,53.0,970.0,484,19.7,9.2,74.0,62,2026-09-17,6,17,Thursday,9
2026-09-17 07:00:00,21.1,92,24.9,0.0,0.3,315,27.1,26.5,747.0,460,11.2,7.0,102.0,47,2026-09-17,7,17,Thursday,9
2026-09-17 08:00:00,22.4,85,25.8,0.0,3.3,331,20.1,19.6,566.0,442,4.7,5.2,124.0,62,2026-09-17,8,17,Thursday,9
2026-09-17 09:00:00,23.8,79,27.1,0.0,4.4,322,18.2,17.6,454.0,437,2.2,4.2,132.0,66,2026-09-17,9,17,Thursday,9
2026-09-17 10:00:00,24.7,74,28.3,0.0,5.2,316,17.6,17.0,384.0,437,1.8,3.5,133.0,67,2026-09-17,10,17,Thursday,9
2026-09-17 11:00:00,24.7,69,27.1,0.0,6.6,315,17.0,16.4,342.0,438,1.7,3.1,133.0,67,2026-09-17,11,17,Thursday,9
2026-09-17 12:00:00,24.5,67,27.1,0.5,7.3,320,17.1,16.5,321.0,436,1.3,2.9,135.0,68,2026-09-17,12,17,Thursday,9
2026-09-17 13:00:00,24.8,71,28.8,0.3,4.3,298,17.2,16.6,328.0,435,1.4,3.0,137.0,69,2026-09-17,13,17,Thursday,9
2026-09-17 14:00:00,24.2,72,26.9,0.2,7.1,289,17.7,17.1,364.0,434,2.0,3.1,136.0,68,2026-09-17,14,17,Thursday,9
2026-09-17 15:00:00,24.0,73,26.2,0.3,7.6,298,19.1,18.6,420.0,433,2.9,3.2,132.0,66,2026-09-17,15,17,Thursday,9
2026-09-17 16:00:00,22.4,84,25.0,0.3,7.6,315,20.3,19.7,505.0,433,4.3,3.3,126.0,63,2026-09-17,16,17,Thursday,9
2026-09-17 17:00:00,21.9,85,24.6,0.0,6.0,335,28.9,28.2,649.0,435,9.4,3.5,104.0,48,2026-09-17,17,17,Thursday,9
2026-09-17 18:00:00,21.0,91,24.2,0.0,3.2,56,36.7,35.9,899.0,440,18.0,4.9,91.0,52,2026-09-17,18,17,Thursday,9
2026-09-17 19:00:00,20.7,92,24.3,0.0,0.0,270,46.7,45.9,1209.0,448,29.8,6.8,73.0,58,2026-09-17,19,17,Thursday,9
2026-09-17 20:00:00,20.4,96,23.8,0.0,2.7,200,53.7,52.9,1470.0,455,37.2,8.3,61.0,61,2026-09-17,20,17,Thursday,9
2026-09-17 21:00:00,20.0,97,23.1,0.0,3.5,195,51.3,50.4,1678.0,463,36.0,8.8,62.0,60,2026-09-17,21,17,Thursday,9
2026-09-17 22:00:00,19.2,100,22.0,0.3,5.2,268,46.8,45.9,1836.0,471,30.6,8.8,69.0,58,2026-09-17,22,17,Thursday,9
2026-09-17 23:00:00,20.0,96,23.3,0.4,1.8,264,47.3,46.3,1847.0,476,26.3,8.9,74.0,58,2026-09-17,23,17,Thursday,9
2026-09-18 00:00:00,19.4,98,22.6,0.0,1.7,193,48.8,48.0,1599.0,477,25.5,9.3,73.0,59,2026-09-18,0,18,Friday,9
2026-09-18 01:00:00,19.2,99,22.3,0.0,2.2,215,50.4,49.6,1203.0,475,25.8,9.8,70.0,60,2026-09-18,1,18,Friday,9
2026-09-18 02:00:00,19.2,98,22.3,0.0,1.7,162,51.9,51.1,896.0,474,25.9,10.2,67.0,61,2026-09-18,2,18,Friday,9
2026-09-18 03:00:00,18.8,100,21.6,0.0,3.4,148,53.1,52.3,783.0,477,25.6,10.6,63.0,61,2026-09-18,3,18,Friday,9
2026-09-18 04:00:00,18.4,100,20.9,0.0,3.9,146,53.2,52.4,758.0,482,25.0,10.8,59.0,61,2026-09-18,4,18,Friday,9
2026-09-18 05:00:00,19.1,99,22.5,0.0,0.4,153,36.7,35.7,739.0,481,14.0,7.6,74.0,52,2026-09-18,5,18,Friday,9
2026-09-18 06:00:00,19.6,97,22.5,0.0,3.6,127,30.4,29.7,704.0,469,11.4,7.1,90.0,48,2026-09-18,6,18,Friday,9
2026-09-18 07:00:00,21.3,88,24.1,0.0,4.3,132,25.0,24.2,675.0,452,7.8,6.4,112.0,52,2026-09-18,7,18,Friday,9
2026-09-18 08:00:00,23.2,78,26.2,0.0,2.9,120,15.8,15.1,633.0,439,4.9,5.7,129.0,65,2026-09-18,8,18,Friday,9
2026-09-18 09:00:00,24.6,71,28.0,0.0,0.2,90,14.6,14.0,559.0,435,3.3,5.0,135.0,68,2026-09-18,9,18,Friday,9
2026-09-18 10:00:00,26.0,67,30.5,0.0,1.4,337,14.1,13.4,471.0,435,2.3,4.3,136.0,68,2026-09-18,10,18,Friday,9
2026-09-18 11:00:00,25.3,68,29.2,0.4,4.5,310,13.7,13.0,409.0,436,2.0,3.8,135.0,68,2026-09-18,11,18,Friday,9
2026-09-18 12:00:00,23.5,74,26.3,1.1,4.7,288,15.0,14.3,384.0,436,2.3,3.8,134.0,67,2026-09-18,12,18,Friday,9
2026-09-18 13:00:00,24.9,71,28.3,0.5,4.9,294,16.1,15.5,384.0,436,3.3,4.0,130.0,65,2026-09-18,13,18,Friday,9
2026-09-18 14:00:00,21.5,86,24.1,1.7,5.5,308,16.6,16.0,416.0,436,4.7,4.2,127.0,64,2026-09-18,14,18,Friday,9
2026-09-18 15:00:00,22.2,84,25.3,0.6,3.2,333,15.2,14.7,485.0,436,6.2,4.2,124.0,62,2026-09-18,15,18,Friday,9
2026-09-18 16:00:00,22.2,85,25.3,0.1,3.5,351,11.0,10.6,585.0,435,8.3,4.2,121.0,61,2026-09-18,16,18,Friday,9
2026-09-18 17:00:00,21.3,90,24.4,0.2,4.1,315,10.5,10.2,707.0,437,11.6,4.6,115.0,55,2026-09-18,17,18,Friday,9
2026-09-18 18:00:00,20.4,96,23.7,0.2,3.6,315,11.4,11.2,847.0,442,18.3,5.9,104.0,44,2026-09-18,18,18,Friday,9
2026-09-18 19:00:00,20.3,97,23.9,0.0,1.1,279,19.9,19.7,1008.0,449,26.4,7.7,91.0,43,2026-09-18,19,18,Friday,9
2026-09-18 20:00:00,19.9,100,23.6,0.0,0.7,166,28.5,28.2,1192.0,456,30.5,8.7,82.0,48,2026-09-18,20,18,Friday,9
2026-09-18 21:00:00,19.7,99,23.1,0.0,2.3,141,31.0,30.9,1457.0,464,27.2,8.4,81.0,49,2026-09-18,21,18,Friday,9
2026-09-18 22:00:00,19.2,99,22.2,0.0,3.1,140,31.5,31.3,1745.0,472,19.9,7.4,85.0,49,2026-09-18,22,18,Friday,9
2026-09-18 23:00:00,18.7,100,21.4,0.0,3.5,145,24.3,24.2,1877.0,478,13.7,6.6,90.0,45,2026-09-18,23,18,Friday,9
